data,faixaEtaria,quantidade,mes/ano,ano,acumulado
2020-01-01,00-02,0.0,2020-01,2020,0.0
2020-01-01,03-04,0.0,2020-01,2020,0.0
2020-01-02,00-02,0.0,2020-01,2020,0.0
2020-01-02,03-04,0.0,2020-01,2020,0.0
2020-01-03,00-02,0.0,2020-01,2020,0.0
2020-01-03,03-04,0.0,2020-01,2020,0.0
2020-01-04,00-02,0.0,2020-01,2020,0.0
2020-01-04,03-04,0.0,2020-01,2020,0.0
2020-01-05,00-02,0.0,2020-01,2020,0.0
2020-01-05,03-04,0.0,2020-01,2020,0.0
2020-01-06,00-02,0.0,2020-01,2020,0.0
2020-01-06,03-04,0.0,2020-01,2020,0.0
2020-01-07,03-04,0.0,2020-01,2020,0.0
2020-01-07,00-02,0.0,2020-01,2020,0.0
2020-01-08,00-02,0.0,2020-01,2020,0.0
2020-01-08,03-04,0.0,2020-01,2020,0.0
2020-01-09,00-02,0.0,2020-01,2020,0.0
2020-01-09,03-04,0.0,2020-01,2020,0.0
2020-01-10,00-02,0.0,2020-01,2020,0.0
2020-01-10,03-04,0.0,2020-01,2020,0.0
2020-01-11,00-02,0.0,2020-01,2020,0.0
2020-01-11,03-04,0.0,2020-01,2020,0.0
2020-01-12,00-02,0.0,2020-01,2020,0.0
2020-01-12,03-04,0.0,2020-01,2020,0.0
2020-01-13,00-02,0.0,2020-01,2020,0.0
2020-01-13,03-04,0.0,2020-01,2020,0.0
2020-01-14,03-04,0.0,2020-01,2020,0.0
2020-01-14,00-02,0.0,2020-01,2020,0.0
2020-01-15,00-02,0.0,2020-01,2020,0.0
2020-01-15,03-04,0.0,2020-01,2020,0.0
2020-01-16,00-02,0.0,2020-01,2020,0.0
2020-01-16,03-04,0.0,2020-01,2020,0.0
2020-01-17,00-02,0.0,2020-01,2020,0.0
2020-01-17,03-04,0.0,2020-01,2020,0.0
2020-01-18,00-02,0.0,2020-01,2020,0.0
2020-01-18,03-04,0.0,2020-01,2020,0.0
2020-01-19,00-02,0.0,2020-01,2020,0.0
2020-01-19,03-04,0.0,2020-01,2020,0.0
2020-01-20,00-02,0.0,2020-01,2020,0.0
2020-01-20,03-04,0.0,2020-01,2020,0.0
2020-01-21,03-04,0.0,2020-01,2020,0.0
2020-01-21,00-02,0.0,2020-01,2020,0.0
2020-01-22,00-02,0.0,2020-01,2020,0.0
2020-01-22,03-04,0.0,2020-01,2020,0.0
2020-01-23,00-02,0.0,2020-01,2020,0.0
2020-01-23,03-04,0.0,2020-01,2020,0.0
2020-01-24,00-02,0.0,2020-01,2020,0.0
2020-01-24,03-04,0.0,2020-01,2020,0.0
2020-01-25,00-02,0.0,2020-01,2020,0.0
2020-01-25,03-04,0.0,2020-01,2020,0.0
2020-01-26,00-02,0.0,2020-01,2020,0.0
2020-01-26,03-04,0.0,2020-01,2020,0.0
2020-01-27,00-02,0.0,2020-01,2020,0.0
2020-01-27,03-04,0.0,2020-01,2020,0.0
2020-01-28,00-02,0.0,2020-01,2020,0.0
2020-01-28,03-04,0.0,2020-01,2020,0.0
2020-01-29,03-04,0.0,2020-01,2020,0.0
2020-01-29,00-02,0.0,2020-01,2020,0.0
2020-01-30,00-02,0.0,2020-01,2020,0.0
2020-01-30,03-04,0.0,2020-01,2020,0.0
2020-01-31,00-02,0.0,2020-01,2020,0.0
2020-01-31,03-04,0.0,2020-01,2020,0.0
2020-02-01,00-02,0.0,2020-02,2020,0.0
2020-02-01,03-04,0.0,2020-02,2020,0.0
2020-02-02,00-02,0.0,2020-02,2020,0.0
2020-02-02,03-04,0.0,2020-02,2020,0.0
2020-02-03,00-02,0.0,2020-02,2020,0.0
2020-02-03,03-04,0.0,2020-02,2020,0.0
2020-02-04,00-02,0.0,2020-02,2020,0.0
2020-02-04,03-04,0.0,2020-02,2020,0.0
2020-02-05,03-04,0.0,2020-02,2020,0.0
2020-02-05,00-02,0.0,2020-02,2020,0.0
2020-02-06,00-02,0.0,2020-02,2020,0.0
2020-02-06,03-04,0.0,2020-02,2020,0.0
2020-02-07,00-02,0.0,2020-02,2020,0.0
2020-02-07,03-04,0.0,2020-02,2020,0.0
2020-02-08,00-02,0.0,2020-02,2020,0.0
2020-02-08,03-04,0.0,2020-02,2020,0.0
2020-02-09,00-02,0.0,2020-02,2020,0.0
2020-02-09,03-04,0.0,2020-02,2020,0.0
2020-02-10,00-02,0.0,2020-02,2020,0.0
2020-02-10,03-04,0.0,2020-02,2020,0.0
2020-02-11,00-02,0.0,2020-02,2020,0.0
2020-02-11,03-04,0.0,2020-02,2020,0.0
2020-02-12,03-04,0.0,2020-02,2020,0.0
2020-02-12,00-02,0.0,2020-02,2020,0.0
2020-02-13,00-02,0.0,2020-02,2020,0.0
2020-02-13,03-04,0.0,2020-02,2020,0.0
2020-02-14,00-02,0.0,2020-02,2020,0.0
2020-02-14,03-04,0.0,2020-02,2020,0.0
2020-02-15,00-02,0.0,2020-02,2020,0.0
2020-02-15,03-04,0.0,2020-02,2020,0.0
2020-02-16,00-02,0.0,2020-02,2020,0.0
2020-02-16,03-04,0.0,2020-02,2020,0.0
2020-02-17,00-02,0.0,2020-02,2020,0.0
2020-02-17,03-04,0.0,2020-02,2020,0.0
2020-02-18,00-02,0.0,2020-02,2020,0.0
2020-02-18,03-04,0.0,2020-02,2020,0.0
2020-02-19,03-04,0.0,2020-02,2020,0.0
2020-02-19,00-02,0.0,2020-02,2020,0.0
2020-02-20,00-02,0.0,2020-02,2020,0.0
2020-02-20,03-04,0.0,2020-02,2020,0.0
2020-02-21,00-02,0.0,2020-02,2020,0.0
2020-02-21,03-04,0.0,2020-02,2020,0.0
2020-02-22,00-02,0.0,2020-02,2020,0.0
2020-02-22,03-04,0.0,2020-02,2020,0.0
2020-02-23,00-02,0.0,2020-02,2020,0.0
2020-02-23,03-04,0.0,2020-02,2020,0.0
2020-02-24,00-02,0.0,2020-02,2020,0.0
2020-02-24,03-04,0.0,2020-02,2020,0.0
2020-02-25,00-02,0.0,2020-02,2020,0.0
2020-02-25,03-04,0.0,2020-02,2020,0.0
2020-02-26,03-04,0.0,2020-02,2020,0.0
2020-02-26,00-02,0.0,2020-02,2020,0.0
2020-02-27,03-04,0.0,2020-02,2020,0.0
2020-02-27,00-02,0.0,2020-02,2020,0.0
2020-02-28,00-02,0.0,2020-02,2020,0.0
2020-02-28,03-04,0.0,2020-02,2020,0.0
2020-02-29,00-02,0.0,2020-02,2020,0.0
2020-02-29,03-04,0.0,2020-02,2020,0.0
2020-03-01,00-02,0.0,2020-03,2020,0.0
2020-03-01,03-04,0.0,2020-03,2020,0.0
2020-03-02,00-02,0.0,2020-03,2020,0.0
2020-03-02,03-04,0.0,2020-03,2020,0.0
2020-03-03,00-02,0.0,2020-03,2020,0.0
2020-03-03,03-04,0.0,2020-03,2020,0.0
2020-03-04,00-02,0.0,2020-03,2020,0.0
2020-03-04,03-04,0.0,2020-03,2020,0.0
2020-03-05,00-02,0.0,2020-03,2020,0.0
2020-03-05,03-04,0.0,2020-03,2020,0.0
2020-03-06,03-04,0.0,2020-03,2020,0.0
2020-03-06,00-02,0.0,2020-03,2020,0.0
2020-03-07,00-02,0.0,2020-03,2020,0.0
2020-03-07,03-04,0.0,2020-03,2020,0.0
2020-03-08,00-02,0.0,2020-03,2020,0.0
2020-03-08,03-04,0.0,2020-03,2020,0.0
2020-03-09,00-02,0.0,2020-03,2020,0.0
2020-03-09,03-04,0.0,2020-03,2020,0.0
2020-03-10,00-02,0.0,2020-03,2020,0.0
2020-03-10,03-04,0.0,2020-03,2020,0.0
2020-03-11,00-02,0.0,2020-03,2020,0.0
2020-03-11,03-04,0.0,2020-03,2020,0.0
2020-03-12,00-02,0.0,2020-03,2020,0.0
2020-03-12,03-04,0.0,2020-03,2020,0.0
2020-03-13,03-04,0.0,2020-03,2020,0.0
2020-03-13,00-02,0.0,2020-03,2020,0.0
2020-03-14,00-02,0.0,2020-03,2020,0.0
2020-03-14,03-04,0.0,2020-03,2020,0.0
2020-03-15,00-02,0.0,2020-03,2020,0.0
2020-03-15,03-04,0.0,2020-03,2020,0.0
2020-03-16,00-02,0.0,2020-03,2020,0.0
2020-03-16,03-04,0.0,2020-03,2020,0.0
2020-03-17,00-02,0.0,2020-03,2020,0.0
2020-03-17,03-04,0.0,2020-03,2020,0.0
2020-03-18,00-02,0.0,2020-03,2020,0.0
2020-03-18,03-04,0.0,2020-03,2020,0.0
2020-03-19,00-02,0.0,2020-03,2020,0.0
2020-03-19,03-04,0.0,2020-03,2020,0.0
2020-03-20,03-04,0.0,2020-03,2020,0.0
2020-03-20,00-02,0.0,2020-03,2020,0.0
2020-03-21,00-02,0.0,2020-03,2020,0.0
2020-03-21,03-04,0.0,2020-03,2020,0.0
2020-03-22,00-02,0.0,2020-03,2020,0.0
2020-03-22,03-04,0.0,2020-03,2020,0.0
2020-03-23,00-02,0.0,2020-03,2020,0.0
2020-03-23,03-04,0.0,2020-03,2020,0.0
2020-03-24,00-02,0.0,2020-03,2020,0.0
2020-03-24,03-04,0.0,2020-03,2020,0.0
2020-03-25,00-02,0.0,2020-03,2020,0.0
2020-03-25,03-04,0.0,2020-03,2020,0.0
2020-03-26,03-04,0.0,2020-03,2020,0.0
2020-03-26,00-02,0.0,2020-03,2020,0.0
2020-03-27,03-04,0.0,2020-03,2020,0.0
2020-03-27,00-02,0.0,2020-03,2020,0.0
2020-03-28,00-02,0.0,2020-03,2020,0.0
2020-03-28,03-04,0.0,2020-03,2020,0.0
2020-03-29,00-02,0.0,2020-03,2020,0.0
2020-03-29,03-04,0.0,2020-03,2020,0.0
2020-03-30,00-02,0.0,2020-03,2020,0.0
2020-03-30,03-04,0.0,2020-03,2020,0.0
2020-03-31,00-02,0.0,2020-03,2020,0.0
2020-03-31,03-04,0.0,2020-03,2020,0.0
2020-04-01,00-02,0.0,2020-04,2020,0.0
2020-04-01,03-04,0.0,2020-04,2020,0.0
2020-04-02,00-02,0.0,2020-04,2020,0.0
2020-04-02,03-04,0.0,2020-04,2020,0.0
2020-04-03,03-04,0.0,2020-04,2020,0.0
2020-04-03,00-02,1.0,2020-04,2020,1.0
2020-04-04,00-02,0.0,2020-04,2020,1.0
2020-04-04,03-04,0.0,2020-04,2020,1.0
2020-04-05,00-02,0.0,2020-04,2020,1.0
2020-04-05,03-04,0.0,2020-04,2020,1.0
2020-04-06,00-02,0.0,2020-04,2020,1.0
2020-04-06,03-04,0.0,2020-04,2020,1.0
2020-04-07,00-02,0.0,2020-04,2020,1.0
2020-04-07,03-04,0.0,2020-04,2020,1.0
2020-04-08,00-02,0.0,2020-04,2020,1.0
2020-04-08,03-04,0.0,2020-04,2020,1.0
2020-04-09,00-02,0.0,2020-04,2020,1.0
2020-04-09,03-04,0.0,2020-04,2020,1.0
2020-04-10,03-04,0.0,2020-04,2020,1.0
2020-04-10,00-02,0.0,2020-04,2020,1.0
2020-04-11,00-02,0.0,2020-04,2020,1.0
2020-04-11,03-04,0.0,2020-04,2020,1.0
2020-04-12,00-02,0.0,2020-04,2020,1.0
2020-04-12,03-04,0.0,2020-04,2020,1.0
2020-04-13,00-02,0.0,2020-04,2020,1.0
2020-04-13,03-04,0.0,2020-04,2020,1.0
2020-04-14,00-02,0.0,2020-04,2020,1.0
2020-04-14,03-04,0.0,2020-04,2020,1.0
2020-04-15,00-02,0.0,2020-04,2020,1.0
2020-04-15,03-04,0.0,2020-04,2020,1.0
2020-04-16,00-02,0.0,2020-04,2020,1.0
2020-04-16,03-04,0.0,2020-04,2020,1.0
2020-04-17,03-04,0.0,2020-04,2020,1.0
2020-04-17,00-02,0.0,2020-04,2020,1.0
2020-04-18,00-02,1.0,2020-04,2020,2.0
2020-04-18,03-04,0.0,2020-04,2020,2.0
2020-04-19,00-02,0.0,2020-04,2020,2.0
2020-04-19,03-04,0.0,2020-04,2020,2.0
2020-04-20,00-02,0.0,2020-04,2020,2.0
2020-04-20,03-04,0.0,2020-04,2020,2.0
2020-04-21,00-02,0.0,2020-04,2020,2.0
2020-04-21,03-04,0.0,2020-04,2020,2.0
2020-04-22,00-02,1.0,2020-04,2020,3.0
2020-04-22,03-04,0.0,2020-04,2020,3.0
2020-04-23,00-02,0.0,2020-04,2020,3.0
2020-04-23,03-04,0.0,2020-04,2020,3.0
2020-04-24,00-02,0.0,2020-04,2020,3.0
2020-04-24,03-04,0.0,2020-04,2020,3.0
2020-04-25,03-04,0.0,2020-04,2020,3.0
2020-04-25,00-02,0.0,2020-04,2020,3.0
2020-04-26,00-02,0.0,2020-04,2020,3.0
2020-04-26,03-04,0.0,2020-04,2020,3.0
2020-04-27,00-02,0.0,2020-04,2020,3.0
2020-04-27,03-04,0.0,2020-04,2020,3.0
2020-04-28,00-02,0.0,2020-04,2020,3.0
2020-04-28,03-04,0.0,2020-04,2020,3.0
2020-04-29,00-02,0.0,2020-04,2020,3.0
2020-04-29,03-04,0.0,2020-04,2020,3.0
2020-04-30,00-02,0.0,2020-04,2020,3.0
2020-04-30,03-04,0.0,2020-04,2020,3.0
2020-05-01,00-02,0.0,2020-05,2020,3.0
2020-05-01,03-04,0.0,2020-05,2020,3.0
2020-05-02,03-04,0.0,2020-05,2020,3.0
2020-05-02,00-02,0.0,2020-05,2020,3.0
2020-05-03,00-02,0.0,2020-05,2020,3.0
2020-05-03,03-04,0.0,2020-05,2020,3.0
2020-05-04,00-02,0.0,2020-05,2020,3.0
2020-05-04,03-04,0.0,2020-05,2020,3.0
2020-05-05,00-02,0.0,2020-05,2020,3.0
2020-05-05,03-04,0.0,2020-05,2020,3.0
2020-05-06,00-02,1.0,2020-05,2020,4.0
2020-05-06,03-04,0.0,2020-05,2020,4.0
2020-05-07,00-02,0.0,2020-05,2020,4.0
2020-05-07,03-04,0.0,2020-05,2020,4.0
2020-05-08,00-02,0.0,2020-05,2020,4.0
2020-05-08,03-04,0.0,2020-05,2020,4.0
2020-05-09,03-04,0.0,2020-05,2020,4.0
2020-05-09,00-02,1.0,2020-05,2020,5.0
2020-05-10,00-02,1.0,2020-05,2020,6.0
2020-05-10,03-04,0.0,2020-05,2020,6.0
2020-05-11,00-02,1.0,2020-05,2020,7.0
2020-05-11,03-04,0.0,2020-05,2020,7.0
2020-05-12,00-02,0.0,2020-05,2020,7.0
2020-05-12,03-04,0.0,2020-05,2020,7.0
2020-05-13,00-02,1.0,2020-05,2020,8.0
2020-05-13,03-04,0.0,2020-05,2020,8.0
2020-05-14,00-02,0.0,2020-05,2020,8.0
2020-05-14,03-04,1.0,2020-05,2020,9.0
2020-05-15,00-02,3.0,2020-05,2020,12.0
2020-05-15,03-04,0.0,2020-05,2020,12.0
2020-05-16,03-04,0.0,2020-05,2020,12.0
2020-05-16,00-02,0.0,2020-05,2020,12.0
2020-05-17,00-02,1.0,2020-05,2020,13.0
2020-05-17,03-04,0.0,2020-05,2020,13.0
2020-05-18,00-02,1.0,2020-05,2020,14.0
2020-05-18,03-04,0.0,2020-05,2020,14.0
2020-05-19,00-02,0.0,2020-05,2020,14.0
2020-05-19,03-04,0.0,2020-05,2020,14.0
2020-05-20,00-02,0.0,2020-05,2020,14.0
2020-05-20,03-04,0.0,2020-05,2020,14.0
2020-05-21,00-02,0.0,2020-05,2020,14.0
2020-05-21,03-04,0.0,2020-05,2020,14.0
2020-05-22,00-02,1.0,2020-05,2020,15.0
2020-05-22,03-04,0.0,2020-05,2020,15.0
2020-05-23,03-04,0.0,2020-05,2020,15.0
2020-05-23,00-02,1.0,2020-05,2020,16.0
2020-05-24,03-04,0.0,2020-05,2020,16.0
2020-05-24,00-02,0.0,2020-05,2020,16.0
2020-05-25,00-02,0.0,2020-05,2020,16.0
2020-05-25,03-04,0.0,2020-05,2020,16.0
2020-05-26,00-02,0.0,2020-05,2020,16.0
2020-05-26,03-04,0.0,2020-05,2020,16.0
2020-05-27,00-02,0.0,2020-05,2020,16.0
2020-05-27,03-04,0.0,2020-05,2020,16.0
2020-05-28,00-02,0.0,2020-05,2020,16.0
2020-05-28,03-04,0.0,2020-05,2020,16.0
2020-05-29,00-02,0.0,2020-05,2020,16.0
2020-05-29,03-04,0.0,2020-05,2020,16.0
2020-05-30,00-02,0.0,2020-05,2020,16.0
2020-05-30,03-04,0.0,2020-05,2020,16.0
2020-05-31,00-02,0.0,2020-05,2020,16.0
2020-05-31,03-04,0.0,2020-05,2020,16.0
2020-06-01,03-04,0.0,2020-06,2020,16.0
2020-06-01,00-02,1.0,2020-06,2020,17.0
2020-06-02,00-02,0.0,2020-06,2020,17.0
2020-06-02,03-04,0.0,2020-06,2020,17.0
2020-06-03,00-02,0.0,2020-06,2020,17.0
2020-06-03,03-04,0.0,2020-06,2020,17.0
2020-06-04,00-02,0.0,2020-06,2020,17.0
2020-06-04,03-04,0.0,2020-06,2020,17.0
2020-06-05,00-02,0.0,2020-06,2020,17.0
2020-06-05,03-04,0.0,2020-06,2020,17.0
2020-06-06,00-02,0.0,2020-06,2020,17.0
2020-06-06,03-04,0.0,2020-06,2020,17.0
2020-06-07,00-02,0.0,2020-06,2020,17.0
2020-06-07,03-04,1.0,2020-06,2020,18.0
2020-06-08,03-04,0.0,2020-06,2020,18.0
2020-06-08,00-02,0.0,2020-06,2020,18.0
2020-06-09,00-02,0.0,2020-06,2020,18.0
2020-06-09,03-04,0.0,2020-06,2020,18.0
2020-06-10,00-02,0.0,2020-06,2020,18.0
2020-06-10,03-04,0.0,2020-06,2020,18.0
2020-06-11,00-02,0.0,2020-06,2020,18.0
2020-06-11,03-04,0.0,2020-06,2020,18.0
2020-06-12,00-02,0.0,2020-06,2020,18.0
2020-06-12,03-04,0.0,2020-06,2020,18.0
2020-06-13,00-02,0.0,2020-06,2020,18.0
2020-06-13,03-04,0.0,2020-06,2020,18.0
2020-06-14,00-02,0.0,2020-06,2020,18.0
2020-06-14,03-04,0.0,2020-06,2020,18.0
2020-06-15,03-04,0.0,2020-06,2020,18.0
2020-06-15,00-02,0.0,2020-06,2020,18.0
2020-06-16,00-02,1.0,2020-06,2020,19.0
2020-06-16,03-04,0.0,2020-06,2020,19.0
2020-06-17,00-02,0.0,2020-06,2020,19.0
2020-06-17,03-04,0.0,2020-06,2020,19.0
2020-06-18,00-02,0.0,2020-06,2020,19.0
2020-06-18,03-04,0.0,2020-06,2020,19.0
2020-06-19,00-02,0.0,2020-06,2020,19.0
2020-06-19,03-04,0.0,2020-06,2020,19.0
2020-06-20,00-02,0.0,2020-06,2020,19.0
2020-06-20,03-04,0.0,2020-06,2020,19.0
2020-06-21,03-04,0.0,2020-06,2020,19.0
2020-06-21,00-02,0.0,2020-06,2020,19.0
2020-06-22,03-04,0.0,2020-06,2020,19.0
2020-06-22,00-02,0.0,2020-06,2020,19.0
2020-06-23,00-02,0.0,2020-06,2020,19.0
2020-06-23,03-04,0.0,2020-06,2020,19.0
2020-06-24,00-02,0.0,2020-06,2020,19.0
2020-06-24,03-04,0.0,2020-06,2020,19.0
2020-06-25,00-02,0.0,2020-06,2020,19.0
2020-06-25,03-04,0.0,2020-06,2020,19.0
2020-06-26,00-02,0.0,2020-06,2020,19.0
2020-06-26,03-04,0.0,2020-06,2020,19.0
2020-06-27,00-02,0.0,2020-06,2020,19.0
2020-06-27,03-04,0.0,2020-06,2020,19.0
2020-06-28,00-02,0.0,2020-06,2020,19.0
2020-06-28,03-04,0.0,2020-06,2020,19.0
2020-06-29,00-02,0.0,2020-06,2020,19.0
2020-06-29,03-04,0.0,2020-06,2020,19.0
2020-06-30,03-04,0.0,2020-06,2020,19.0
2020-06-30,00-02,0.0,2020-06,2020,19.0
2020-07-01,00-02,0.0,2020-07,2020,19.0
2020-07-01,03-04,0.0,2020-07,2020,19.0
2020-07-02,00-02,0.0,2020-07,2020,19.0
2020-07-02,03-04,0.0,2020-07,2020,19.0
2020-07-03,00-02,0.0,2020-07,2020,19.0
2020-07-03,03-04,0.0,2020-07,2020,19.0
2020-07-04,00-02,0.0,2020-07,2020,19.0
2020-07-04,03-04,0.0,2020-07,2020,19.0
2020-07-05,00-02,0.0,2020-07,2020,19.0
2020-07-05,03-04,0.0,2020-07,2020,19.0
2020-07-06,00-02,0.0,2020-07,2020,19.0
2020-07-06,03-04,0.0,2020-07,2020,19.0
2020-07-07,03-04,0.0,2020-07,2020,19.0
2020-07-07,00-02,0.0,2020-07,2020,19.0
2020-07-08,00-02,2.0,2020-07,2020,21.0
2020-07-08,03-04,0.0,2020-07,2020,21.0
2020-07-09,00-02,0.0,2020-07,2020,21.0
2020-07-09,03-04,0.0,2020-07,2020,21.0
2020-07-10,00-02,0.0,2020-07,2020,21.0
2020-07-10,03-04,0.0,2020-07,2020,21.0
2020-07-11,00-02,0.0,2020-07,2020,21.0
2020-07-11,03-04,0.0,2020-07,2020,21.0
2020-07-12,00-02,0.0,2020-07,2020,21.0
2020-07-12,03-04,0.0,2020-07,2020,21.0
2020-07-13,00-02,0.0,2020-07,2020,21.0
2020-07-13,03-04,0.0,2020-07,2020,21.0
2020-07-14,03-04,0.0,2020-07,2020,21.0
2020-07-14,00-02,0.0,2020-07,2020,21.0
2020-07-15,00-02,0.0,2020-07,2020,21.0
2020-07-15,03-04,0.0,2020-07,2020,21.0
2020-07-16,00-02,0.0,2020-07,2020,21.0
2020-07-16,03-04,0.0,2020-07,2020,21.0
2020-07-17,00-02,0.0,2020-07,2020,21.0
2020-07-17,03-04,0.0,2020-07,2020,21.0
2020-07-18,00-02,1.0,2020-07,2020,22.0
2020-07-18,03-04,0.0,2020-07,2020,22.0
2020-07-19,00-02,0.0,2020-07,2020,22.0
2020-07-19,03-04,0.0,2020-07,2020,22.0
2020-07-20,03-04,0.0,2020-07,2020,22.0
2020-07-20,00-02,0.0,2020-07,2020,22.0
2020-07-21,03-04,0.0,2020-07,2020,22.0
2020-07-21,00-02,0.0,2020-07,2020,22.0
2020-07-22,00-02,0.0,2020-07,2020,22.0
2020-07-22,03-04,0.0,2020-07,2020,22.0
2020-07-23,00-02,0.0,2020-07,2020,22.0
2020-07-23,03-04,0.0,2020-07,2020,22.0
2020-07-24,00-02,0.0,2020-07,2020,22.0
2020-07-24,03-04,0.0,2020-07,2020,22.0
2020-07-25,00-02,0.0,2020-07,2020,22.0
2020-07-25,03-04,0.0,2020-07,2020,22.0
2020-07-26,00-02,0.0,2020-07,2020,22.0
2020-07-26,03-04,0.0,2020-07,2020,22.0
2020-07-27,00-02,0.0,2020-07,2020,22.0
2020-07-27,03-04,0.0,2020-07,2020,22.0
2020-07-28,03-04,0.0,2020-07,2020,22.0
2020-07-28,00-02,0.0,2020-07,2020,22.0
2020-07-29,00-02,0.0,2020-07,2020,22.0
2020-07-29,03-04,0.0,2020-07,2020,22.0
2020-07-30,00-02,0.0,2020-07,2020,22.0
2020-07-30,03-04,0.0,2020-07,2020,22.0
2020-07-31,00-02,1.0,2020-07,2020,23.0
2020-07-31,03-04,0.0,2020-07,2020,23.0
2020-08-01,00-02,0.0,2020-08,2020,23.0
2020-08-01,03-04,0.0,2020-08,2020,23.0
2020-08-02,00-02,0.0,2020-08,2020,23.0
2020-08-02,03-04,0.0,2020-08,2020,23.0
2020-08-03,00-02,0.0,2020-08,2020,23.0
2020-08-03,03-04,0.0,2020-08,2020,23.0
2020-08-04,03-04,0.0,2020-08,2020,23.0
2020-08-04,00-02,0.0,2020-08,2020,23.0
2020-08-05,00-02,0.0,2020-08,2020,23.0
2020-08-05,03-04,0.0,2020-08,2020,23.0
2020-08-06,00-02,0.0,2020-08,2020,23.0
2020-08-06,03-04,0.0,2020-08,2020,23.0
2020-08-07,00-02,0.0,2020-08,2020,23.0
2020-08-07,03-04,0.0,2020-08,2020,23.0
2020-08-08,00-02,0.0,2020-08,2020,23.0
2020-08-08,03-04,0.0,2020-08,2020,23.0
2020-08-09,00-02,0.0,2020-08,2020,23.0
2020-08-09,03-04,0.0,2020-08,2020,23.0
2020-08-10,00-02,0.0,2020-08,2020,23.0
2020-08-10,03-04,0.0,2020-08,2020,23.0
2020-08-11,03-04,0.0,2020-08,2020,23.0
2020-08-11,00-02,0.0,2020-08,2020,23.0
2020-08-12,00-02,1.0,2020-08,2020,24.0
2020-08-12,03-04,0.0,2020-08,2020,24.0
2020-08-13,00-02,0.0,2020-08,2020,24.0
2020-08-13,03-04,0.0,2020-08,2020,24.0
2020-08-14,00-02,0.0,2020-08,2020,24.0
2020-08-14,03-04,0.0,2020-08,2020,24.0
2020-08-15,00-02,0.0,2020-08,2020,24.0
2020-08-15,03-04,0.0,2020-08,2020,24.0
2020-08-16,00-02,0.0,2020-08,2020,24.0
2020-08-16,03-04,0.0,2020-08,2020,24.0
2020-08-17,00-02,0.0,2020-08,2020,24.0
2020-08-17,03-04,0.0,2020-08,2020,24.0
2020-08-18,00-02,0.0,2020-08,2020,24.0
2020-08-18,03-04,0.0,2020-08,2020,24.0
2020-08-19,00-02,0.0,2020-08,2020,24.0
2020-08-19,03-04,0.0,2020-08,2020,24.0
2020-08-20,03-04,0.0,2020-08,2020,24.0
2020-08-20,00-02,0.0,2020-08,2020,24.0
2020-08-21,00-02,0.0,2020-08,2020,24.0
2020-08-21,03-04,0.0,2020-08,2020,24.0
2020-08-22,00-02,0.0,2020-08,2020,24.0
2020-08-22,03-04,0.0,2020-08,2020,24.0
2020-08-23,00-02,0.0,2020-08,2020,24.0
2020-08-23,03-04,0.0,2020-08,2020,24.0
2020-08-24,00-02,0.0,2020-08,2020,24.0
2020-08-24,03-04,0.0,2020-08,2020,24.0
2020-08-25,00-02,0.0,2020-08,2020,24.0
2020-08-25,03-04,0.0,2020-08,2020,24.0
2020-08-26,00-02,0.0,2020-08,2020,24.0
2020-08-26,03-04,0.0,2020-08,2020,24.0
2020-08-27,03-04,0.0,2020-08,2020,24.0
2020-08-27,00-02,0.0,2020-08,2020,24.0
2020-08-28,00-02,0.0,2020-08,2020,24.0
2020-08-28,03-04,0.0,2020-08,2020,24.0
2020-08-29,00-02,0.0,2020-08,2020,24.0
2020-08-29,03-04,0.0,2020-08,2020,24.0
2020-08-30,00-02,0.0,2020-08,2020,24.0
2020-08-30,03-04,0.0,2020-08,2020,24.0
2020-08-31,00-02,0.0,2020-08,2020,24.0
2020-08-31,03-04,0.0,2020-08,2020,24.0
2020-09-01,00-02,0.0,2020-09,2020,24.0
2020-09-01,03-04,0.0,2020-09,2020,24.0
2020-09-02,00-02,0.0,2020-09,2020,24.0
2020-09-02,03-04,0.0,2020-09,2020,24.0
2020-09-03,03-04,0.0,2020-09,2020,24.0
2020-09-03,00-02,0.0,2020-09,2020,24.0
2020-09-04,00-02,0.0,2020-09,2020,24.0
2020-09-04,03-04,0.0,2020-09,2020,24.0
2020-09-05,00-02,0.0,2020-09,2020,24.0
2020-09-05,03-04,0.0,2020-09,2020,24.0
2020-09-06,00-02,0.0,2020-09,2020,24.0
2020-09-06,03-04,0.0,2020-09,2020,24.0
2020-09-07,00-02,0.0,2020-09,2020,24.0
2020-09-07,03-04,0.0,2020-09,2020,24.0
2020-09-08,00-02,0.0,2020-09,2020,24.0
2020-09-08,03-04,0.0,2020-09,2020,24.0
2020-09-09,00-02,0.0,2020-09,2020,24.0
2020-09-09,03-04,0.0,2020-09,2020,24.0
2020-09-10,03-04,0.0,2020-09,2020,24.0
2020-09-10,00-02,0.0,2020-09,2020,24.0
2020-09-11,00-02,1.0,2020-09,2020,25.0
2020-09-11,03-04,0.0,2020-09,2020,25.0
2020-09-12,00-02,0.0,2020-09,2020,25.0
2020-09-12,03-04,0.0,2020-09,2020,25.0
2020-09-13,00-02,0.0,2020-09,2020,25.0
2020-09-13,03-04,0.0,2020-09,2020,25.0
2020-09-14,00-02,0.0,2020-09,2020,25.0
2020-09-14,03-04,0.0,2020-09,2020,25.0
2020-09-15,00-02,0.0,2020-09,2020,25.0
2020-09-15,03-04,0.0,2020-09,2020,25.0
2020-09-16,00-02,0.0,2020-09,2020,25.0
2020-09-16,03-04,0.0,2020-09,2020,25.0
2020-09-17,03-04,0.0,2020-09,2020,25.0
2020-09-17,00-02,0.0,2020-09,2020,25.0
2020-09-18,03-04,0.0,2020-09,2020,25.0
2020-09-18,00-02,0.0,2020-09,2020,25.0
2020-09-19,00-02,0.0,2020-09,2020,25.0
2020-09-19,03-04,0.0,2020-09,2020,25.0
2020-09-20,00-02,0.0,2020-09,2020,25.0
2020-09-20,03-04,0.0,2020-09,2020,25.0
2020-09-21,00-02,0.0,2020-09,2020,25.0
2020-09-21,03-04,0.0,2020-09,2020,25.0
2020-09-22,00-02,0.0,2020-09,2020,25.0
2020-09-22,03-04,0.0,2020-09,2020,25.0
2020-09-23,00-02,0.0,2020-09,2020,25.0
2020-09-23,03-04,0.0,2020-09,2020,25.0
2020-09-24,00-02,0.0,2020-09,2020,25.0
2020-09-24,03-04,0.0,2020-09,2020,25.0
2020-09-25,00-02,0.0,2020-09,2020,25.0
2020-09-25,03-04,0.0,2020-09,2020,25.0
2020-09-26,03-04,0.0,2020-09,2020,25.0
2020-09-26,00-02,0.0,2020-09,2020,25.0
2020-09-27,00-02,1.0,2020-09,2020,26.0
2020-09-27,03-04,0.0,2020-09,2020,26.0
2020-09-28,00-02,0.0,2020-09,2020,26.0
2020-09-28,03-04,0.0,2020-09,2020,26.0
2020-09-29,00-02,0.0,2020-09,2020,26.0
2020-09-29,03-04,0.0,2020-09,2020,26.0
2020-09-30,00-02,0.0,2020-09,2020,26.0
2020-09-30,03-04,0.0,2020-09,2020,26.0
2020-10-01,00-02,0.0,2020-10,2020,26.0
2020-10-01,03-04,0.0,2020-10,2020,26.0
2020-10-02,00-02,0.0,2020-10,2020,26.0
2020-10-02,03-04,0.0,2020-10,2020,26.0
2020-10-03,03-04,0.0,2020-10,2020,26.0
2020-10-03,00-02,0.0,2020-10,2020,26.0
2020-10-04,00-02,0.0,2020-10,2020,26.0
2020-10-04,03-04,0.0,2020-10,2020,26.0
2020-10-05,00-02,1.0,2020-10,2020,27.0
2020-10-05,03-04,0.0,2020-10,2020,27.0
2020-10-06,00-02,0.0,2020-10,2020,27.0
2020-10-06,03-04,0.0,2020-10,2020,27.0
2020-10-07,00-02,0.0,2020-10,2020,27.0
2020-10-07,03-04,0.0,2020-10,2020,27.0
2020-10-08,00-02,0.0,2020-10,2020,27.0
2020-10-08,03-04,0.0,2020-10,2020,27.0
2020-10-09,00-02,0.0,2020-10,2020,27.0
2020-10-09,03-04,0.0,2020-10,2020,27.0
2020-10-10,03-04,0.0,2020-10,2020,27.0
2020-10-10,00-02,0.0,2020-10,2020,27.0
2020-10-11,00-02,0.0,2020-10,2020,27.0
2020-10-11,03-04,0.0,2020-10,2020,27.0
2020-10-12,00-02,0.0,2020-10,2020,27.0
2020-10-12,03-04,0.0,2020-10,2020,27.0
2020-10-13,00-02,0.0,2020-10,2020,27.0
2020-10-13,03-04,0.0,2020-10,2020,27.0
2020-10-14,00-02,0.0,2020-10,2020,27.0
2020-10-14,03-04,0.0,2020-10,2020,27.0
2020-10-15,00-02,0.0,2020-10,2020,27.0
2020-10-15,03-04,0.0,2020-10,2020,27.0
2020-10-16,03-04,0.0,2020-10,2020,27.0
2020-10-16,00-02,0.0,2020-10,2020,27.0
2020-10-17,03-04,0.0,2020-10,2020,27.0
2020-10-17,00-02,0.0,2020-10,2020,27.0
2020-10-18,00-02,0.0,2020-10,2020,27.0
2020-10-18,03-04,0.0,2020-10,2020,27.0
2020-10-19,00-02,2.0,2020-10,2020,29.0
2020-10-19,03-04,0.0,2020-10,2020,29.0
2020-10-20,00-02,0.0,2020-10,2020,29.0
2020-10-20,03-04,0.0,2020-10,2020,29.0
2020-10-21,00-02,0.0,2020-10,2020,29.0
2020-10-21,03-04,0.0,2020-10,2020,29.0
2020-10-22,00-02,0.0,2020-10,2020,29.0
2020-10-22,03-04,0.0,2020-10,2020,29.0
2020-10-23,00-02,0.0,2020-10,2020,29.0
2020-10-23,03-04,0.0,2020-10,2020,29.0
2020-10-24,03-04,0.0,2020-10,2020,29.0
2020-10-24,00-02,0.0,2020-10,2020,29.0
2020-10-25,00-02,0.0,2020-10,2020,29.0
2020-10-25,03-04,0.0,2020-10,2020,29.0
2020-10-26,00-02,0.0,2020-10,2020,29.0
2020-10-26,03-04,0.0,2020-10,2020,29.0
2020-10-27,00-02,0.0,2020-10,2020,29.0
2020-10-27,03-04,0.0,2020-10,2020,29.0
2020-10-28,00-02,0.0,2020-10,2020,29.0
2020-10-28,03-04,0.0,2020-10,2020,29.0
2020-10-29,00-02,0.0,2020-10,2020,29.0
2020-10-29,03-04,0.0,2020-10,2020,29.0
2020-10-30,00-02,0.0,2020-10,2020,29.0
2020-10-30,03-04,0.0,2020-10,2020,29.0
2020-10-31,03-04,0.0,2020-10,2020,29.0
2020-10-31,00-02,0.0,2020-10,2020,29.0
2020-11-01,00-02,0.0,2020-11,2020,29.0
2020-11-01,03-04,0.0,2020-11,2020,29.0
2020-11-02,00-02,0.0,2020-11,2020,29.0
2020-11-02,03-04,0.0,2020-11,2020,29.0
2020-11-03,00-02,0.0,2020-11,2020,29.0
2020-11-03,03-04,0.0,2020-11,2020,29.0
2020-11-04,00-02,0.0,2020-11,2020,29.0
2020-11-04,03-04,0.0,2020-11,2020,29.0
2020-11-05,00-02,0.0,2020-11,2020,29.0
2020-11-05,03-04,0.0,2020-11,2020,29.0
2020-11-06,00-02,0.0,2020-11,2020,29.0
2020-11-06,03-04,0.0,2020-11,2020,29.0
2020-11-07,03-04,0.0,2020-11,2020,29.0
2020-11-07,00-02,0.0,2020-11,2020,29.0
2020-11-08,00-02,0.0,2020-11,2020,29.0
2020-11-08,03-04,0.0,2020-11,2020,29.0
2020-11-09,00-02,0.0,2020-11,2020,29.0
2020-11-09,03-04,0.0,2020-11,2020,29.0
2020-11-10,00-02,0.0,2020-11,2020,29.0
2020-11-10,03-04,0.0,2020-11,2020,29.0
2020-11-11,00-02,0.0,2020-11,2020,29.0
2020-11-11,03-04,0.0,2020-11,2020,29.0
2020-11-12,00-02,0.0,2020-11,2020,29.0
2020-11-12,03-04,0.0,2020-11,2020,29.0
2020-11-13,00-02,0.0,2020-11,2020,29.0
2020-11-13,03-04,0.0,2020-11,2020,29.0
2020-11-14,00-02,0.0,2020-11,2020,29.0
2020-11-14,03-04,0.0,2020-11,2020,29.0
2020-11-15,03-04,0.0,2020-11,2020,29.0
2020-11-15,00-02,0.0,2020-11,2020,29.0
2020-11-16,00-02,0.0,2020-11,2020,29.0
2020-11-16,03-04,0.0,2020-11,2020,29.0
2020-11-17,00-02,0.0,2020-11,2020,29.0
2020-11-17,03-04,0.0,2020-11,2020,29.0
2020-11-18,00-02,0.0,2020-11,2020,29.0
2020-11-18,03-04,0.0,2020-11,2020,29.0
2020-11-19,00-02,0.0,2020-11,2020,29.0
2020-11-19,03-04,0.0,2020-11,2020,29.0
2020-11-20,00-02,0.0,2020-11,2020,29.0
2020-11-20,03-04,0.0,2020-11,2020,29.0
2020-11-21,00-02,0.0,2020-11,2020,29.0
2020-11-21,03-04,0.0,2020-11,2020,29.0
2020-11-22,03-04,0.0,2020-11,2020,29.0
2020-11-22,00-02,0.0,2020-11,2020,29.0
2020-11-23,00-02,0.0,2020-11,2020,29.0
2020-11-23,03-04,0.0,2020-11,2020,29.0
2020-11-24,00-02,0.0,2020-11,2020,29.0
2020-11-24,03-04,0.0,2020-11,2020,29.0
2020-11-25,00-02,0.0,2020-11,2020,29.0
2020-11-25,03-04,0.0,2020-11,2020,29.0
2020-11-26,00-02,0.0,2020-11,2020,29.0
2020-11-26,03-04,0.0,2020-11,2020,29.0
2020-11-27,00-02,0.0,2020-11,2020,29.0
2020-11-27,03-04,0.0,2020-11,2020,29.0
2020-11-28,00-02,0.0,2020-11,2020,29.0
2020-11-28,03-04,0.0,2020-11,2020,29.0
2020-11-29,03-04,0.0,2020-11,2020,29.0
2020-11-29,00-02,0.0,2020-11,2020,29.0
2020-11-30,00-02,0.0,2020-11,2020,29.0
2020-11-30,03-04,0.0,2020-11,2020,29.0
2020-12-01,00-02,0.0,2020-12,2020,29.0
2020-12-01,03-04,0.0,2020-12,2020,29.0
2020-12-02,00-02,0.0,2020-12,2020,29.0
2020-12-02,03-04,0.0,2020-12,2020,29.0
2020-12-03,00-02,0.0,2020-12,2020,29.0
2020-12-03,03-04,0.0,2020-12,2020,29.0
2020-12-04,00-02,0.0,2020-12,2020,29.0
2020-12-04,03-04,0.0,2020-12,2020,29.0
2020-12-05,00-02,0.0,2020-12,2020,29.0
2020-12-05,03-04,0.0,2020-12,2020,29.0
2020-12-06,03-04,0.0,2020-12,2020,29.0
2020-12-06,00-02,0.0,2020-12,2020,29.0
2020-12-07,00-02,1.0,2020-12,2020,30.0
2020-12-07,03-04,0.0,2020-12,2020,30.0
2020-12-08,00-02,0.0,2020-12,2020,30.0
2020-12-08,03-04,0.0,2020-12,2020,30.0
2020-12-09,00-02,0.0,2020-12,2020,30.0
2020-12-09,03-04,0.0,2020-12,2020,30.0
2020-12-10,00-02,0.0,2020-12,2020,30.0
2020-12-10,03-04,0.0,2020-12,2020,30.0
2020-12-11,00-02,0.0,2020-12,2020,30.0
2020-12-11,03-04,0.0,2020-12,2020,30.0
2020-12-12,00-02,0.0,2020-12,2020,30.0
2020-12-12,03-04,0.0,2020-12,2020,30.0
2020-12-13,03-04,0.0,2020-12,2020,30.0
2020-12-13,00-02,0.0,2020-12,2020,30.0
2020-12-14,03-04,0.0,2020-12,2020,30.0
2020-12-14,00-02,0.0,2020-12,2020,30.0
2020-12-15,00-02,0.0,2020-12,2020,30.0
2020-12-15,03-04,0.0,2020-12,2020,30.0
2020-12-16,00-02,0.0,2020-12,2020,30.0
2020-12-16,03-04,0.0,2020-12,2020,30.0
2020-12-17,00-02,0.0,2020-12,2020,30.0
2020-12-17,03-04,0.0,2020-12,2020,30.0
2020-12-18,00-02,0.0,2020-12,2020,30.0
2020-12-18,03-04,0.0,2020-12,2020,30.0
2020-12-19,00-02,0.0,2020-12,2020,30.0
2020-12-19,03-04,0.0,2020-12,2020,30.0
2020-12-20,00-02,0.0,2020-12,2020,30.0
2020-12-20,03-04,0.0,2020-12,2020,30.0
2020-12-21,03-04,0.0,2020-12,2020,30.0
2020-12-21,00-02,0.0,2020-12,2020,30.0
2020-12-22,00-02,0.0,2020-12,2020,30.0
2020-12-22,03-04,0.0,2020-12,2020,30.0
2020-12-23,00-02,0.0,2020-12,2020,30.0
2020-12-23,03-04,0.0,2020-12,2020,30.0
2020-12-24,00-02,0.0,2020-12,2020,30.0
2020-12-24,03-04,0.0,2020-12,2020,30.0
2020-12-25,00-02,0.0,2020-12,2020,30.0
2020-12-25,03-04,0.0,2020-12,2020,30.0
2020-12-26,00-02,0.0,2020-12,2020,30.0
2020-12-26,03-04,0.0,2020-12,2020,30.0
2020-12-27,00-02,0.0,2020-12,2020,30.0
2020-12-27,03-04,0.0,2020-12,2020,30.0
2020-12-28,03-04,0.0,2020-12,2020,30.0
2020-12-28,00-02,0.0,2020-12,2020,30.0
2020-12-29,00-02,0.0,2020-12,2020,30.0
2020-12-29,03-04,0.0,2020-12,2020,30.0
2020-12-30,00-02,0.0,2020-12,2020,30.0
2020-12-30,03-04,0.0,2020-12,2020,30.0
2020-12-31,00-02,0.0,2020-12,2020,30.0
2020-12-31,03-04,0.0,2020-12,2020,30.0
2021-01-01,00-02,0.0,2021-01,2021,30.0
2021-01-01,03-04,0.0,2021-01,2021,30.0
2021-01-02,00-02,1.0,2021-01,2021,31.0
2021-01-02,03-04,0.0,2021-01,2021,31.0
2021-01-03,00-02,0.0,2021-01,2021,31.0
2021-01-03,03-04,0.0,2021-01,2021,31.0
2021-01-04,03-04,0.0,2021-01,2021,31.0
2021-01-04,00-02,0.0,2021-01,2021,31.0
2021-01-05,00-02,0.0,2021-01,2021,31.0
2021-01-05,03-04,0.0,2021-01,2021,31.0
2021-01-06,00-02,0.0,2021-01,2021,31.0
2021-01-06,03-04,0.0,2021-01,2021,31.0
2021-01-07,00-02,0.0,2021-01,2021,31.0
2021-01-07,03-04,0.0,2021-01,2021,31.0
2021-01-08,00-02,0.0,2021-01,2021,31.0
2021-01-08,03-04,0.0,2021-01,2021,31.0
2021-01-09,00-02,0.0,2021-01,2021,31.0
2021-01-09,03-04,0.0,2021-01,2021,31.0
2021-01-10,00-02,0.0,2021-01,2021,31.0
2021-01-10,03-04,0.0,2021-01,2021,31.0
2021-01-11,00-02,0.0,2021-01,2021,31.0
2021-01-11,03-04,0.0,2021-01,2021,31.0
2021-01-12,03-04,0.0,2021-01,2021,31.0
2021-01-12,00-02,0.0,2021-01,2021,31.0
2021-01-13,00-02,0.0,2021-01,2021,31.0
2021-01-13,03-04,0.0,2021-01,2021,31.0
2021-01-14,00-02,0.0,2021-01,2021,31.0
2021-01-14,03-04,0.0,2021-01,2021,31.0
2021-01-15,00-02,0.0,2021-01,2021,31.0
2021-01-15,03-04,0.0,2021-01,2021,31.0
2021-01-16,00-02,0.0,2021-01,2021,31.0
2021-01-16,03-04,0.0,2021-01,2021,31.0
2021-01-17,00-02,1.0,2021-01,2021,32.0
2021-01-17,03-04,0.0,2021-01,2021,32.0
2021-01-18,00-02,0.0,2021-01,2021,32.0
2021-01-18,03-04,0.0,2021-01,2021,32.0
2021-01-19,03-04,0.0,2021-01,2021,32.0
2021-01-19,00-02,1.0,2021-01,2021,33.0
2021-01-20,00-02,0.0,2021-01,2021,33.0
2021-01-20,03-04,0.0,2021-01,2021,33.0
2021-01-21,00-02,0.0,2021-01,2021,33.0
2021-01-21,03-04,0.0,2021-01,2021,33.0
2021-01-22,00-02,1.0,2021-01,2021,34.0
2021-01-22,03-04,0.0,2021-01,2021,34.0
2021-01-23,00-02,0.0,2021-01,2021,34.0
2021-01-23,03-04,0.0,2021-01,2021,34.0
2021-01-24,00-02,0.0,2021-01,2021,34.0
2021-01-24,03-04,0.0,2021-01,2021,34.0
2021-01-25,00-02,3.0,2021-01,2021,37.0
2021-01-25,03-04,0.0,2021-01,2021,37.0
2021-01-26,03-04,0.0,2021-01,2021,37.0
2021-01-26,00-02,0.0,2021-01,2021,37.0
2021-01-27,00-02,0.0,2021-01,2021,37.0
2021-01-27,03-04,0.0,2021-01,2021,37.0
2021-01-28,00-02,0.0,2021-01,2021,37.0
2021-01-28,03-04,0.0,2021-01,2021,37.0
2021-01-29,00-02,0.0,2021-01,2021,37.0
2021-01-29,03-04,1.0,2021-01,2021,38.0
2021-01-30,00-02,1.0,2021-01,2021,39.0
2021-01-30,03-04,0.0,2021-01,2021,39.0
2021-01-31,00-02,0.0,2021-01,2021,39.0
2021-01-31,03-04,1.0,2021-01,2021,40.0
2021-02-01,00-02,0.0,2021-02,2021,40.0
2021-02-01,03-04,0.0,2021-02,2021,40.0
2021-02-02,03-04,0.0,2021-02,2021,40.0
2021-02-02,00-02,0.0,2021-02,2021,40.0
2021-02-03,00-02,0.0,2021-02,2021,40.0
2021-02-03,03-04,0.0,2021-02,2021,40.0
2021-02-04,00-02,0.0,2021-02,2021,40.0
2021-02-04,03-04,0.0,2021-02,2021,40.0
2021-02-05,00-02,0.0,2021-02,2021,40.0
2021-02-05,03-04,0.0,2021-02,2021,40.0
2021-02-06,00-02,0.0,2021-02,2021,40.0
2021-02-06,03-04,0.0,2021-02,2021,40.0
2021-02-07,00-02,0.0,2021-02,2021,40.0
2021-02-07,03-04,0.0,2021-02,2021,40.0
2021-02-08,00-02,0.0,2021-02,2021,40.0
2021-02-08,03-04,0.0,2021-02,2021,40.0
2021-02-09,03-04,0.0,2021-02,2021,40.0
2021-02-09,00-02,0.0,2021-02,2021,40.0
2021-02-10,03-04,0.0,2021-02,2021,40.0
2021-02-10,00-02,1.0,2021-02,2021,41.0
2021-02-11,00-02,0.0,2021-02,2021,41.0
2021-02-11,03-04,0.0,2021-02,2021,41.0
2021-02-12,00-02,0.0,2021-02,2021,41.0
2021-02-12,03-04,0.0,2021-02,2021,41.0
2021-02-13,00-02,0.0,2021-02,2021,41.0
2021-02-13,03-04,0.0,2021-02,2021,41.0
2021-02-14,00-02,0.0,2021-02,2021,41.0
2021-02-14,03-04,0.0,2021-02,2021,41.0
2021-02-15,00-02,0.0,2021-02,2021,41.0
2021-02-15,03-04,0.0,2021-02,2021,41.0
2021-02-16,00-02,0.0,2021-02,2021,41.0
2021-02-16,03-04,0.0,2021-02,2021,41.0
2021-02-17,00-02,0.0,2021-02,2021,41.0
2021-02-17,03-04,0.0,2021-02,2021,41.0
2021-02-18,03-04,0.0,2021-02,2021,41.0
2021-02-18,00-02,0.0,2021-02,2021,41.0
2021-02-19,00-02,0.0,2021-02,2021,41.0
2021-02-19,03-04,0.0,2021-02,2021,41.0
2021-02-20,00-02,0.0,2021-02,2021,41.0
2021-02-20,03-04,0.0,2021-02,2021,41.0
2021-02-21,00-02,0.0,2021-02,2021,41.0
2021-02-21,03-04,0.0,2021-02,2021,41.0
2021-02-22,00-02,0.0,2021-02,2021,41.0
2021-02-22,03-04,0.0,2021-02,2021,41.0
2021-02-23,00-02,1.0,2021-02,2021,42.0
2021-02-23,03-04,0.0,2021-02,2021,42.0
2021-02-24,00-02,0.0,2021-02,2021,42.0
2021-02-24,03-04,0.0,2021-02,2021,42.0
2021-02-25,03-04,0.0,2021-02,2021,42.0
2021-02-25,00-02,0.0,2021-02,2021,42.0
2021-02-26,00-02,0.0,2021-02,2021,42.0
2021-02-26,03-04,0.0,2021-02,2021,42.0
2021-02-27,00-02,1.0,2021-02,2021,43.0
2021-02-27,03-04,0.0,2021-02,2021,43.0
2021-02-28,00-02,0.0,2021-02,2021,43.0
2021-02-28,03-04,0.0,2021-02,2021,43.0
2021-03-01,00-02,1.0,2021-03,2021,44.0
2021-03-01,03-04,0.0,2021-03,2021,44.0
2021-03-02,00-02,0.0,2021-03,2021,44.0
2021-03-02,03-04,0.0,2021-03,2021,44.0
2021-03-03,00-02,0.0,2021-03,2021,44.0
2021-03-03,03-04,1.0,2021-03,2021,45.0
2021-03-04,03-04,0.0,2021-03,2021,45.0
2021-03-04,00-02,1.0,2021-03,2021,46.0
2021-03-05,00-02,1.0,2021-03,2021,47.0
2021-03-05,03-04,0.0,2021-03,2021,47.0
2021-03-06,00-02,1.0,2021-03,2021,48.0
2021-03-06,03-04,0.0,2021-03,2021,48.0
2021-03-07,00-02,1.0,2021-03,2021,49.0
2021-03-07,03-04,0.0,2021-03,2021,49.0
2021-03-08,00-02,1.0,2021-03,2021,50.0
2021-03-08,03-04,0.0,2021-03,2021,50.0
2021-03-09,00-02,0.0,2021-03,2021,50.0
2021-03-09,03-04,0.0,2021-03,2021,50.0
2021-03-10,03-04,0.0,2021-03,2021,50.0
2021-03-10,00-02,0.0,2021-03,2021,50.0
2021-03-11,03-04,0.0,2021-03,2021,50.0
2021-03-11,00-02,0.0,2021-03,2021,50.0
2021-03-12,00-02,0.0,2021-03,2021,50.0
2021-03-12,03-04,0.0,2021-03,2021,50.0
2021-03-13,00-02,1.0,2021-03,2021,51.0
2021-03-13,03-04,0.0,2021-03,2021,51.0
2021-03-14,00-02,1.0,2021-03,2021,52.0
2021-03-14,03-04,0.0,2021-03,2021,52.0
2021-03-15,00-02,0.0,2021-03,2021,52.0
2021-03-15,03-04,0.0,2021-03,2021,52.0
2021-03-16,00-02,2.0,2021-03,2021,54.0
2021-03-16,03-04,0.0,2021-03,2021,54.0
2021-03-17,00-02,2.0,2021-03,2021,56.0
2021-03-17,03-04,0.0,2021-03,2021,56.0
2021-03-18,03-04,0.0,2021-03,2021,56.0
2021-03-18,00-02,0.0,2021-03,2021,56.0
2021-03-19,00-02,0.0,2021-03,2021,56.0
2021-03-19,03-04,0.0,2021-03,2021,56.0
2021-03-20,00-02,0.0,2021-03,2021,56.0
2021-03-20,03-04,0.0,2021-03,2021,56.0
2021-03-21,00-02,0.0,2021-03,2021,56.0
2021-03-21,03-04,0.0,2021-03,2021,56.0
2021-03-22,00-02,1.0,2021-03,2021,57.0
2021-03-22,03-04,0.0,2021-03,2021,57.0
2021-03-23,00-02,0.0,2021-03,2021,57.0
2021-03-23,03-04,0.0,2021-03,2021,57.0
2021-03-24,00-02,0.0,2021-03,2021,57.0
2021-03-24,03-04,0.0,2021-03,2021,57.0
2021-03-25,03-04,0.0,2021-03,2021,57.0
2021-03-25,00-02,0.0,2021-03,2021,57.0
2021-03-26,00-02,0.0,2021-03,2021,57.0
2021-03-26,03-04,0.0,2021-03,2021,57.0
2021-03-27,00-02,0.0,2021-03,2021,57.0
2021-03-27,03-04,0.0,2021-03,2021,57.0
2021-03-28,00-02,1.0,2021-03,2021,58.0
2021-03-28,03-04,0.0,2021-03,2021,58.0
2021-03-29,00-02,0.0,2021-03,2021,58.0
2021-03-29,03-04,0.0,2021-03,2021,58.0
2021-03-30,00-02,1.0,2021-03,2021,59.0
2021-03-30,03-04,0.0,2021-03,2021,59.0
2021-03-31,00-02,0.0,2021-03,2021,59.0
2021-03-31,03-04,0.0,2021-03,2021,59.0
2021-04-01,03-04,0.0,2021-04,2021,59.0
2021-04-01,00-02,0.0,2021-04,2021,59.0
2021-04-02,00-02,0.0,2021-04,2021,59.0
2021-04-02,03-04,0.0,2021-04,2021,59.0
2021-04-03,00-02,0.0,2021-04,2021,59.0
2021-04-03,03-04,0.0,2021-04,2021,59.0
2021-04-04,00-02,0.0,2021-04,2021,59.0
2021-04-04,03-04,0.0,2021-04,2021,59.0
2021-04-05,00-02,1.0,2021-04,2021,60.0
2021-04-05,03-04,0.0,2021-04,2021,60.0
2021-04-06,00-02,1.0,2021-04,2021,61.0
2021-04-06,03-04,0.0,2021-04,2021,61.0
2021-04-07,00-02,0.0,2021-04,2021,61.0
2021-04-07,03-04,0.0,2021-04,2021,61.0
2021-04-08,00-02,0.0,2021-04,2021,61.0
2021-04-08,03-04,0.0,2021-04,2021,61.0
2021-04-09,03-04,0.0,2021-04,2021,61.0
2021-04-09,00-02,0.0,2021-04,2021,61.0
2021-04-10,03-04,1.0,2021-04,2021,62.0
2021-04-10,00-02,0.0,2021-04,2021,62.0
2021-04-11,00-02,1.0,2021-04,2021,63.0
2021-04-11,03-04,0.0,2021-04,2021,63.0
2021-04-12,00-02,2.0,2021-04,2021,65.0
2021-04-12,03-04,0.0,2021-04,2021,65.0
2021-04-13,00-02,1.0,2021-04,2021,66.0
2021-04-13,03-04,0.0,2021-04,2021,66.0
2021-04-14,00-02,1.0,2021-04,2021,67.0
2021-04-14,03-04,0.0,2021-04,2021,67.0
2021-04-15,00-02,1.0,2021-04,2021,68.0
2021-04-15,03-04,0.0,2021-04,2021,68.0
2021-04-16,00-02,0.0,2021-04,2021,68.0
2021-04-16,03-04,1.0,2021-04,2021,69.0
2021-04-17,03-04,0.0,2021-04,2021,69.0
2021-04-17,00-02,1.0,2021-04,2021,70.0
2021-04-18,00-02,0.0,2021-04,2021,70.0
2021-04-18,03-04,0.0,2021-04,2021,70.0
2021-04-19,00-02,0.0,2021-04,2021,70.0
2021-04-19,03-04,0.0,2021-04,2021,70.0
2021-04-20,00-02,1.0,2021-04,2021,71.0
2021-04-20,03-04,0.0,2021-04,2021,71.0
2021-04-21,00-02,1.0,2021-04,2021,72.0
2021-04-21,03-04,0.0,2021-04,2021,72.0
2021-04-22,00-02,1.0,2021-04,2021,73.0
2021-04-22,03-04,0.0,2021-04,2021,73.0
2021-04-23,00-02,2.0,2021-04,2021,75.0
2021-04-23,03-04,0.0,2021-04,2021,75.0
2021-04-24,00-02,0.0,2021-04,2021,75.0
2021-04-24,03-04,0.0,2021-04,2021,75.0
2021-04-25,03-04,0.0,2021-04,2021,75.0
2021-04-25,00-02,0.0,2021-04,2021,75.0
2021-04-26,00-02,1.0,2021-04,2021,76.0
2021-04-26,03-04,1.0,2021-04,2021,77.0
2021-04-27,00-02,2.0,2021-04,2021,79.0
2021-04-27,03-04,0.0,2021-04,2021,79.0
2021-04-28,00-02,1.0,2021-04,2021,80.0
2021-04-28,03-04,0.0,2021-04,2021,80.0
2021-04-29,00-02,1.0,2021-04,2021,81.0
2021-04-29,03-04,0.0,2021-04,2021,81.0
2021-04-30,00-02,0.0,2021-04,2021,81.0
2021-04-30,03-04,0.0,2021-04,2021,81.0
2021-05-01,00-02,0.0,2021-05,2021,81.0
2021-05-01,03-04,0.0,2021-05,2021,81.0
2021-05-02,03-04,0.0,2021-05,2021,81.0
2021-05-02,00-02,1.0,2021-05,2021,82.0
2021-05-03,00-02,1.0,2021-05,2021,83.0
2021-05-03,03-04,0.0,2021-05,2021,83.0
2021-05-04,00-02,0.0,2021-05,2021,83.0
2021-05-04,03-04,0.0,2021-05,2021,83.0
2021-05-05,00-02,1.0,2021-05,2021,84.0
2021-05-05,03-04,0.0,2021-05,2021,84.0
2021-05-06,00-02,1.0,2021-05,2021,85.0
2021-05-06,03-04,0.0,2021-05,2021,85.0
2021-05-07,00-02,1.0,2021-05,2021,86.0
2021-05-07,03-04,0.0,2021-05,2021,86.0
2021-05-08,00-02,0.0,2021-05,2021,86.0
2021-05-08,03-04,0.0,2021-05,2021,86.0
2021-05-09,03-04,0.0,2021-05,2021,86.0
2021-05-09,00-02,0.0,2021-05,2021,86.0
2021-05-10,03-04,0.0,2021-05,2021,86.0
2021-05-10,00-02,0.0,2021-05,2021,86.0
2021-05-11,00-02,0.0,2021-05,2021,86.0
2021-05-11,03-04,0.0,2021-05,2021,86.0
2021-05-12,00-02,2.0,2021-05,2021,88.0
2021-05-12,03-04,0.0,2021-05,2021,88.0
2021-05-13,00-02,0.0,2021-05,2021,88.0
2021-05-13,03-04,0.0,2021-05,2021,88.0
2021-05-14,00-02,0.0,2021-05,2021,88.0
2021-05-14,03-04,0.0,2021-05,2021,88.0
2021-05-15,00-02,1.0,2021-05,2021,89.0
2021-05-15,03-04,0.0,2021-05,2021,89.0
2021-05-16,00-02,1.0,2021-05,2021,90.0
2021-05-16,03-04,0.0,2021-05,2021,90.0
2021-05-17,00-02,3.0,2021-05,2021,93.0
2021-05-17,03-04,0.0,2021-05,2021,93.0
2021-05-18,03-04,0.0,2021-05,2021,93.0
2021-05-18,00-02,0.0,2021-05,2021,93.0
2021-05-19,00-02,1.0,2021-05,2021,94.0
2021-05-19,03-04,0.0,2021-05,2021,94.0
2021-05-20,00-02,0.0,2021-05,2021,94.0
2021-05-20,03-04,0.0,2021-05,2021,94.0
2021-05-21,00-02,0.0,2021-05,2021,94.0
2021-05-21,03-04,0.0,2021-05,2021,94.0
2021-05-22,00-02,3.0,2021-05,2021,97.0
2021-05-22,03-04,0.0,2021-05,2021,97.0
2021-05-23,00-02,0.0,2021-05,2021,97.0
2021-05-23,03-04,0.0,2021-05,2021,97.0
2021-05-24,00-02,0.0,2021-05,2021,97.0
2021-05-24,03-04,0.0,2021-05,2021,97.0
2021-05-25,03-04,0.0,2021-05,2021,97.0
2021-05-25,00-02,0.0,2021-05,2021,97.0
2021-05-26,00-02,0.0,2021-05,2021,97.0
2021-05-26,03-04,0.0,2021-05,2021,97.0
2021-05-27,00-02,0.0,2021-05,2021,97.0
2021-05-27,03-04,0.0,2021-05,2021,97.0
2021-05-28,00-02,1.0,2021-05,2021,98.0
2021-05-28,03-04,0.0,2021-05,2021,98.0
2021-05-29,00-02,0.0,2021-05,2021,98.0
2021-05-29,03-04,0.0,2021-05,2021,98.0
2021-05-30,00-02,0.0,2021-05,2021,98.0
2021-05-30,03-04,1.0,2021-05,2021,99.0
2021-05-31,00-02,2.0,2021-05,2021,101.0
2021-05-31,03-04,0.0,2021-05,2021,101.0
2021-06-01,03-04,0.0,2021-06,2021,101.0
2021-06-01,00-02,0.0,2021-06,2021,101.0
2021-06-02,00-02,1.0,2021-06,2021,102.0
2021-06-02,03-04,0.0,2021-06,2021,102.0
2021-06-03,00-02,0.0,2021-06,2021,102.0
2021-06-03,03-04,0.0,2021-06,2021,102.0
2021-06-04,00-02,0.0,2021-06,2021,102.0
2021-06-04,03-04,0.0,2021-06,2021,102.0
2021-06-05,00-02,0.0,2021-06,2021,102.0
2021-06-05,03-04,0.0,2021-06,2021,102.0
2021-06-06,00-02,1.0,2021-06,2021,103.0
2021-06-06,03-04,0.0,2021-06,2021,103.0
2021-06-07,03-04,0.0,2021-06,2021,103.0
2021-06-07,00-02,0.0,2021-06,2021,103.0
2021-06-08,03-04,0.0,2021-06,2021,103.0
2021-06-08,00-02,0.0,2021-06,2021,103.0
2021-06-09,00-02,0.0,2021-06,2021,103.0
2021-06-09,03-04,0.0,2021-06,2021,103.0
2021-06-10,00-02,1.0,2021-06,2021,104.0
2021-06-10,03-04,0.0,2021-06,2021,104.0
2021-06-11,00-02,0.0,2021-06,2021,104.0
2021-06-11,03-04,0.0,2021-06,2021,104.0
2021-06-12,00-02,1.0,2021-06,2021,105.0
2021-06-12,03-04,0.0,2021-06,2021,105.0
2021-06-13,00-02,0.0,2021-06,2021,105.0
2021-06-13,03-04,1.0,2021-06,2021,106.0
2021-06-14,00-02,0.0,2021-06,2021,106.0
2021-06-14,03-04,0.0,2021-06,2021,106.0
2021-06-15,03-04,0.0,2021-06,2021,106.0
2021-06-15,00-02,1.0,2021-06,2021,107.0
2021-06-16,00-02,1.0,2021-06,2021,108.0
2021-06-16,03-04,0.0,2021-06,2021,108.0
2021-06-17,00-02,1.0,2021-06,2021,109.0
2021-06-17,03-04,0.0,2021-06,2021,109.0
2021-06-18,00-02,0.0,2021-06,2021,109.0
2021-06-18,03-04,0.0,2021-06,2021,109.0
2021-06-19,00-02,0.0,2021-06,2021,109.0
2021-06-19,03-04,0.0,2021-06,2021,109.0
2021-06-20,00-02,0.0,2021-06,2021,109.0
2021-06-20,03-04,0.0,2021-06,2021,109.0
2021-06-21,00-02,0.0,2021-06,2021,109.0
2021-06-21,03-04,0.0,2021-06,2021,109.0
2021-06-22,03-04,0.0,2021-06,2021,109.0
2021-06-22,00-02,0.0,2021-06,2021,109.0
2021-06-23,00-02,0.0,2021-06,2021,109.0
2021-06-23,03-04,0.0,2021-06,2021,109.0
2021-06-24,00-02,0.0,2021-06,2021,109.0
2021-06-24,03-04,0.0,2021-06,2021,109.0
2021-06-25,00-02,1.0,2021-06,2021,110.0
2021-06-25,03-04,0.0,2021-06,2021,110.0
2021-06-26,00-02,0.0,2021-06,2021,110.0
2021-06-26,03-04,0.0,2021-06,2021,110.0
2021-06-27,00-02,0.0,2021-06,2021,110.0
2021-06-27,03-04,0.0,2021-06,2021,110.0
2021-06-28,00-02,0.0,2021-06,2021,110.0
2021-06-28,03-04,0.0,2021-06,2021,110.0
2021-06-29,03-04,0.0,2021-06,2021,110.0
2021-06-29,00-02,0.0,2021-06,2021,110.0
2021-06-30,00-02,1.0,2021-06,2021,111.0
2021-06-30,03-04,0.0,2021-06,2021,111.0
2021-07-01,00-02,0.0,2021-07,2021,111.0
2021-07-01,03-04,0.0,2021-07,2021,111.0
2021-07-02,00-02,0.0,2021-07,2021,111.0
2021-07-02,03-04,0.0,2021-07,2021,111.0
2021-07-03,00-02,0.0,2021-07,2021,111.0
2021-07-03,03-04,0.0,2021-07,2021,111.0
2021-07-04,00-02,1.0,2021-07,2021,112.0
2021-07-04,03-04,0.0,2021-07,2021,112.0
2021-07-05,00-02,0.0,2021-07,2021,112.0
2021-07-05,03-04,0.0,2021-07,2021,112.0
2021-07-06,00-02,0.0,2021-07,2021,112.0
2021-07-06,03-04,0.0,2021-07,2021,112.0
2021-07-07,03-04,0.0,2021-07,2021,112.0
2021-07-07,00-02,0.0,2021-07,2021,112.0
2021-07-08,00-02,0.0,2021-07,2021,112.0
2021-07-08,03-04,0.0,2021-07,2021,112.0
2021-07-09,00-02,0.0,2021-07,2021,112.0
2021-07-09,03-04,0.0,2021-07,2021,112.0
2021-07-10,00-02,0.0,2021-07,2021,112.0
2021-07-10,03-04,0.0,2021-07,2021,112.0
2021-07-11,00-02,0.0,2021-07,2021,112.0
2021-07-11,03-04,0.0,2021-07,2021,112.0
2021-07-12,00-02,0.0,2021-07,2021,112.0
2021-07-12,03-04,0.0,2021-07,2021,112.0
2021-07-13,00-02,0.0,2021-07,2021,112.0
2021-07-13,03-04,0.0,2021-07,2021,112.0
2021-07-14,03-04,0.0,2021-07,2021,112.0
2021-07-14,00-02,0.0,2021-07,2021,112.0
2021-07-15,00-02,0.0,2021-07,2021,112.0
2021-07-15,03-04,0.0,2021-07,2021,112.0
2021-07-16,00-02,0.0,2021-07,2021,112.0
2021-07-16,03-04,0.0,2021-07,2021,112.0
2021-07-17,00-02,0.0,2021-07,2021,112.0
2021-07-17,03-04,0.0,2021-07,2021,112.0
2021-07-18,00-02,0.0,2021-07,2021,112.0
2021-07-18,03-04,0.0,2021-07,2021,112.0
2021-07-19,00-02,0.0,2021-07,2021,112.0
2021-07-19,03-04,0.0,2021-07,2021,112.0
2021-07-20,00-02,0.0,2021-07,2021,112.0
2021-07-20,03-04,0.0,2021-07,2021,112.0
2021-07-21,03-04,0.0,2021-07,2021,112.0
2021-07-21,00-02,1.0,2021-07,2021,113.0
2021-07-22,00-02,0.0,2021-07,2021,113.0
2021-07-22,03-04,0.0,2021-07,2021,113.0
2021-07-23,00-02,0.0,2021-07,2021,113.0
2021-07-23,03-04,0.0,2021-07,2021,113.0
2021-07-24,00-02,0.0,2021-07,2021,113.0
2021-07-24,03-04,0.0,2021-07,2021,113.0
2021-07-25,00-02,0.0,2021-07,2021,113.0
2021-07-25,03-04,0.0,2021-07,2021,113.0
2021-07-26,00-02,0.0,2021-07,2021,113.0
2021-07-26,03-04,0.0,2021-07,2021,113.0
2021-07-27,00-02,0.0,2021-07,2021,113.0
2021-07-27,03-04,0.0,2021-07,2021,113.0
2021-07-28,03-04,0.0,2021-07,2021,113.0
2021-07-28,00-02,0.0,2021-07,2021,113.0
2021-07-29,00-02,0.0,2021-07,2021,113.0
2021-07-29,03-04,0.0,2021-07,2021,113.0
2021-07-30,00-02,0.0,2021-07,2021,113.0
2021-07-30,03-04,0.0,2021-07,2021,113.0
2021-07-31,00-02,0.0,2021-07,2021,113.0
2021-07-31,03-04,0.0,2021-07,2021,113.0
2021-08-01,00-02,2.0,2021-08,2021,115.0
2021-08-01,03-04,0.0,2021-08,2021,115.0
2021-08-02,00-02,0.0,2021-08,2021,115.0
2021-08-02,03-04,0.0,2021-08,2021,115.0
2021-08-03,00-02,0.0,2021-08,2021,115.0
2021-08-03,03-04,0.0,2021-08,2021,115.0
2021-08-04,03-04,0.0,2021-08,2021,115.0
2021-08-04,00-02,0.0,2021-08,2021,115.0
2021-08-05,03-04,1.0,2021-08,2021,116.0
2021-08-05,00-02,0.0,2021-08,2021,116.0
2021-08-06,00-02,0.0,2021-08,2021,116.0
2021-08-06,03-04,0.0,2021-08,2021,116.0
2021-08-07,00-02,0.0,2021-08,2021,116.0
2021-08-07,03-04,0.0,2021-08,2021,116.0
2021-08-08,00-02,0.0,2021-08,2021,116.0
2021-08-08,03-04,0.0,2021-08,2021,116.0
2021-08-09,00-02,0.0,2021-08,2021,116.0
2021-08-09,03-04,0.0,2021-08,2021,116.0
2021-08-10,00-02,0.0,2021-08,2021,116.0
2021-08-10,03-04,0.0,2021-08,2021,116.0
2021-08-11,00-02,0.0,2021-08,2021,116.0
2021-08-11,03-04,0.0,2021-08,2021,116.0
2021-08-12,00-02,0.0,2021-08,2021,116.0
2021-08-12,03-04,0.0,2021-08,2021,116.0
2021-08-13,03-04,0.0,2021-08,2021,116.0
2021-08-13,00-02,0.0,2021-08,2021,116.0
2021-08-14,00-02,0.0,2021-08,2021,116.0
2021-08-14,03-04,0.0,2021-08,2021,116.0
2021-08-15,00-02,0.0,2021-08,2021,116.0
2021-08-15,03-04,0.0,2021-08,2021,116.0
2021-08-16,00-02,0.0,2021-08,2021,116.0
2021-08-16,03-04,0.0,2021-08,2021,116.0
2021-08-17,00-02,0.0,2021-08,2021,116.0
2021-08-17,03-04,0.0,2021-08,2021,116.0
2021-08-18,00-02,0.0,2021-08,2021,116.0
2021-08-18,03-04,0.0,2021-08,2021,116.0
2021-08-19,00-02,0.0,2021-08,2021,116.0
2021-08-19,03-04,0.0,2021-08,2021,116.0
2021-08-20,03-04,0.0,2021-08,2021,116.0
2021-08-20,00-02,0.0,2021-08,2021,116.0
2021-08-21,00-02,0.0,2021-08,2021,116.0
2021-08-21,03-04,0.0,2021-08,2021,116.0
2021-08-22,00-02,0.0,2021-08,2021,116.0
2021-08-22,03-04,0.0,2021-08,2021,116.0
2021-08-23,00-02,0.0,2021-08,2021,116.0
2021-08-23,03-04,0.0,2021-08,2021,116.0
2021-08-24,00-02,0.0,2021-08,2021,116.0
2021-08-24,03-04,0.0,2021-08,2021,116.0
2021-08-25,00-02,0.0,2021-08,2021,116.0
2021-08-25,03-04,0.0,2021-08,2021,116.0
2021-08-26,00-02,0.0,2021-08,2021,116.0
2021-08-26,03-04,0.0,2021-08,2021,116.0
2021-08-27,03-04,0.0,2021-08,2021,116.0
2021-08-27,00-02,1.0,2021-08,2021,117.0
2021-08-28,00-02,0.0,2021-08,2021,117.0
2021-08-28,03-04,0.0,2021-08,2021,117.0
2021-08-29,00-02,0.0,2021-08,2021,117.0
2021-08-29,03-04,0.0,2021-08,2021,117.0
2021-08-30,00-02,0.0,2021-08,2021,117.0
2021-08-30,03-04,0.0,2021-08,2021,117.0
2021-08-31,00-02,0.0,2021-08,2021,117.0
2021-08-31,03-04,0.0,2021-08,2021,117.0
2021-09-01,00-02,0.0,2021-09,2021,117.0
2021-09-01,03-04,0.0,2021-09,2021,117.0
2021-09-02,03-04,0.0,2021-09,2021,117.0
2021-09-02,00-02,0.0,2021-09,2021,117.0
2021-09-03,03-04,0.0,2021-09,2021,117.0
2021-09-03,00-02,0.0,2021-09,2021,117.0
2021-09-04,00-02,0.0,2021-09,2021,117.0
2021-09-04,03-04,0.0,2021-09,2021,117.0
2021-09-05,00-02,0.0,2021-09,2021,117.0
2021-09-05,03-04,0.0,2021-09,2021,117.0
2021-09-06,00-02,0.0,2021-09,2021,117.0
2021-09-06,03-04,0.0,2021-09,2021,117.0
2021-09-07,00-02,0.0,2021-09,2021,117.0
2021-09-07,03-04,0.0,2021-09,2021,117.0
2021-09-08,00-02,0.0,2021-09,2021,117.0
2021-09-08,03-04,0.0,2021-09,2021,117.0
2021-09-09,00-02,0.0,2021-09,2021,117.0
2021-09-09,03-04,0.0,2021-09,2021,117.0
2021-09-10,03-04,0.0,2021-09,2021,117.0
2021-09-10,00-02,0.0,2021-09,2021,117.0
2021-09-11,00-02,0.0,2021-09,2021,117.0
2021-09-11,03-04,0.0,2021-09,2021,117.0
2021-09-12,00-02,0.0,2021-09,2021,117.0
2021-09-12,03-04,0.0,2021-09,2021,117.0
2021-09-13,00-02,0.0,2021-09,2021,117.0
2021-09-13,03-04,0.0,2021-09,2021,117.0
2021-09-14,00-02,0.0,2021-09,2021,117.0
2021-09-14,03-04,0.0,2021-09,2021,117.0
2021-09-15,00-02,0.0,2021-09,2021,117.0
2021-09-15,03-04,0.0,2021-09,2021,117.0
2021-09-16,00-02,0.0,2021-09,2021,117.0
2021-09-16,03-04,0.0,2021-09,2021,117.0
2021-09-17,03-04,0.0,2021-09,2021,117.0
2021-09-17,00-02,0.0,2021-09,2021,117.0
2021-09-18,00-02,0.0,2021-09,2021,117.0
2021-09-18,03-04,0.0,2021-09,2021,117.0
2021-09-19,00-02,0.0,2021-09,2021,117.0
2021-09-19,03-04,0.0,2021-09,2021,117.0
2021-09-20,00-02,0.0,2021-09,2021,117.0
2021-09-20,03-04,0.0,2021-09,2021,117.0
2021-09-21,00-02,0.0,2021-09,2021,117.0
2021-09-21,03-04,0.0,2021-09,2021,117.0
2021-09-22,00-02,0.0,2021-09,2021,117.0
2021-09-22,03-04,0.0,2021-09,2021,117.0
2021-09-23,00-02,0.0,2021-09,2021,117.0
2021-09-23,03-04,0.0,2021-09,2021,117.0
2021-09-24,03-04,0.0,2021-09,2021,117.0
2021-09-24,00-02,0.0,2021-09,2021,117.0
2021-09-25,00-02,0.0,2021-09,2021,117.0
2021-09-25,03-04,0.0,2021-09,2021,117.0
2021-09-26,00-02,0.0,2021-09,2021,117.0
2021-09-26,03-04,0.0,2021-09,2021,117.0
2021-09-27,00-02,0.0,2021-09,2021,117.0
2021-09-27,03-04,0.0,2021-09,2021,117.0
2021-09-28,00-02,0.0,2021-09,2021,117.0
2021-09-28,03-04,0.0,2021-09,2021,117.0
2021-09-29,00-02,0.0,2021-09,2021,117.0
2021-09-29,03-04,0.0,2021-09,2021,117.0
2021-09-30,00-02,0.0,2021-09,2021,117.0
2021-09-30,03-04,0.0,2021-09,2021,117.0
2021-10-01,00-02,0.0,2021-10,2021,117.0
2021-10-01,03-04,0.0,2021-10,2021,117.0
2021-10-02,03-04,0.0,2021-10,2021,117.0
2021-10-02,00-02,0.0,2021-10,2021,117.0
2021-10-03,00-02,0.0,2021-10,2021,117.0
2021-10-03,03-04,0.0,2021-10,2021,117.0
2021-10-04,00-02,1.0,2021-10,2021,118.0
2021-10-04,03-04,0.0,2021-10,2021,118.0
2021-10-05,00-02,0.0,2021-10,2021,118.0
2021-10-05,03-04,0.0,2021-10,2021,118.0
2021-10-06,00-02,0.0,2021-10,2021,118.0
2021-10-06,03-04,0.0,2021-10,2021,118.0
2021-10-07,00-02,0.0,2021-10,2021,118.0
2021-10-07,03-04,0.0,2021-10,2021,118.0
2021-10-08,00-02,0.0,2021-10,2021,118.0
2021-10-08,03-04,0.0,2021-10,2021,118.0
2021-10-09,03-04,0.0,2021-10,2021,118.0
2021-10-09,00-02,0.0,2021-10,2021,118.0
2021-10-10,00-02,0.0,2021-10,2021,118.0
2021-10-10,03-04,0.0,2021-10,2021,118.0
2021-10-11,00-02,0.0,2021-10,2021,118.0
2021-10-11,03-04,0.0,2021-10,2021,118.0
2021-10-12,00-02,0.0,2021-10,2021,118.0
2021-10-12,03-04,0.0,2021-10,2021,118.0
2021-10-13,00-02,0.0,2021-10,2021,118.0
2021-10-13,03-04,0.0,2021-10,2021,118.0
2021-10-14,00-02,0.0,2021-10,2021,118.0
2021-10-14,03-04,0.0,2021-10,2021,118.0
2021-10-15,00-02,0.0,2021-10,2021,118.0
2021-10-15,03-04,0.0,2021-10,2021,118.0
2021-10-16,03-04,0.0,2021-10,2021,118.0
2021-10-16,00-02,0.0,2021-10,2021,118.0
2021-10-17,00-02,1.0,2021-10,2021,119.0
2021-10-17,03-04,0.0,2021-10,2021,119.0
2021-10-18,00-02,0.0,2021-10,2021,119.0
2021-10-18,03-04,0.0,2021-10,2021,119.0
2021-10-19,00-02,0.0,2021-10,2021,119.0
2021-10-19,03-04,0.0,2021-10,2021,119.0
2021-10-20,00-02,0.0,2021-10,2021,119.0
2021-10-20,03-04,0.0,2021-10,2021,119.0
2021-10-21,00-02,0.0,2021-10,2021,119.0
2021-10-21,03-04,0.0,2021-10,2021,119.0
2021-10-22,00-02,0.0,2021-10,2021,119.0
2021-10-22,03-04,0.0,2021-10,2021,119.0
2021-10-23,03-04,0.0,2021-10,2021,119.0
2021-10-23,00-02,0.0,2021-10,2021,119.0
2021-10-24,00-02,0.0,2021-10,2021,119.0
2021-10-24,03-04,0.0,2021-10,2021,119.0
2021-10-25,00-02,0.0,2021-10,2021,119.0
2021-10-25,03-04,0.0,2021-10,2021,119.0
2021-10-26,00-02,0.0,2021-10,2021,119.0
2021-10-26,03-04,0.0,2021-10,2021,119.0
2021-10-27,00-02,0.0,2021-10,2021,119.0
2021-10-27,03-04,0.0,2021-10,2021,119.0
2021-10-28,00-02,0.0,2021-10,2021,119.0
2021-10-28,03-04,0.0,2021-10,2021,119.0
2021-10-29,00-02,0.0,2021-10,2021,119.0
2021-10-29,03-04,0.0,2021-10,2021,119.0
2021-10-30,03-04,0.0,2021-10,2021,119.0
2021-10-30,00-02,0.0,2021-10,2021,119.0
2021-10-31,03-04,0.0,2021-10,2021,119.0
2021-10-31,00-02,0.0,2021-10,2021,119.0
2021-11-01,00-02,0.0,2021-11,2021,119.0
2021-11-01,03-04,0.0,2021-11,2021,119.0
2021-11-02,00-02,0.0,2021-11,2021,119.0
2021-11-02,03-04,0.0,2021-11,2021,119.0
2021-11-03,00-02,0.0,2021-11,2021,119.0
2021-11-03,03-04,0.0,2021-11,2021,119.0
2021-11-04,00-02,0.0,2021-11,2021,119.0
2021-11-04,03-04,0.0,2021-11,2021,119.0
2021-11-05,00-02,0.0,2021-11,2021,119.0
2021-11-05,03-04,0.0,2021-11,2021,119.0
2021-11-06,00-02,0.0,2021-11,2021,119.0
2021-11-06,03-04,0.0,2021-11,2021,119.0
2021-11-07,03-04,0.0,2021-11,2021,119.0
2021-11-07,00-02,0.0,2021-11,2021,119.0
2021-11-08,00-02,0.0,2021-11,2021,119.0
2021-11-08,03-04,0.0,2021-11,2021,119.0
2021-11-09,00-02,0.0,2021-11,2021,119.0
2021-11-09,03-04,0.0,2021-11,2021,119.0
2021-11-10,00-02,0.0,2021-11,2021,119.0
2021-11-10,03-04,0.0,2021-11,2021,119.0
2021-11-11,00-02,0.0,2021-11,2021,119.0
2021-11-11,03-04,0.0,2021-11,2021,119.0
2021-11-12,00-02,0.0,2021-11,2021,119.0
2021-11-12,03-04,0.0,2021-11,2021,119.0
2021-11-13,03-04,0.0,2021-11,2021,119.0
2021-11-13,00-02,0.0,2021-11,2021,119.0
2021-11-14,03-04,0.0,2021-11,2021,119.0
2021-11-14,00-02,0.0,2021-11,2021,119.0
2021-11-15,00-02,0.0,2021-11,2021,119.0
2021-11-15,03-04,0.0,2021-11,2021,119.0
2021-11-16,00-02,0.0,2021-11,2021,119.0
2021-11-16,03-04,0.0,2021-11,2021,119.0
2021-11-17,00-02,0.0,2021-11,2021,119.0
2021-11-17,03-04,0.0,2021-11,2021,119.0
2021-11-18,00-02,0.0,2021-11,2021,119.0
2021-11-18,03-04,0.0,2021-11,2021,119.0
2021-11-19,00-02,0.0,2021-11,2021,119.0
2021-11-19,03-04,0.0,2021-11,2021,119.0
2021-11-20,00-02,0.0,2021-11,2021,119.0
2021-11-20,03-04,0.0,2021-11,2021,119.0
2021-11-21,03-04,0.0,2021-11,2021,119.0
2021-11-21,00-02,0.0,2021-11,2021,119.0
2021-11-22,00-02,0.0,2021-11,2021,119.0
2021-11-22,03-04,0.0,2021-11,2021,119.0
2021-11-23,00-02,0.0,2021-11,2021,119.0
2021-11-23,03-04,0.0,2021-11,2021,119.0
2021-11-24,00-02,0.0,2021-11,2021,119.0
2021-11-24,03-04,0.0,2021-11,2021,119.0
2021-11-25,00-02,0.0,2021-11,2021,119.0
2021-11-25,03-04,0.0,2021-11,2021,119.0
2021-11-26,00-02,0.0,2021-11,2021,119.0
2021-11-26,03-04,0.0,2021-11,2021,119.0
2021-11-27,00-02,0.0,2021-11,2021,119.0
2021-11-27,03-04,0.0,2021-11,2021,119.0
2021-11-28,03-04,0.0,2021-11,2021,119.0
2021-11-28,00-02,0.0,2021-11,2021,119.0
2021-11-29,03-04,0.0,2021-11,2021,119.0
2021-11-29,00-02,0.0,2021-11,2021,119.0
2021-11-30,00-02,0.0,2021-11,2021,119.0
2021-11-30,03-04,0.0,2021-11,2021,119.0
2021-12-01,00-02,0.0,2021-12,2021,119.0
2021-12-01,03-04,0.0,2021-12,2021,119.0
2021-12-02,00-02,0.0,2021-12,2021,119.0
2021-12-02,03-04,0.0,2021-12,2021,119.0
2021-12-03,00-02,0.0,2021-12,2021,119.0
2021-12-03,03-04,0.0,2021-12,2021,119.0
2021-12-04,00-02,0.0,2021-12,2021,119.0
2021-12-04,03-04,0.0,2021-12,2021,119.0
2021-12-05,00-02,0.0,2021-12,2021,119.0
2021-12-05,03-04,0.0,2021-12,2021,119.0
2021-12-06,03-04,0.0,2021-12,2021,119.0
2021-12-06,00-02,0.0,2021-12,2021,119.0
2021-12-07,00-02,0.0,2021-12,2021,119.0
2021-12-07,03-04,0.0,2021-12,2021,119.0
2021-12-08,00-02,0.0,2021-12,2021,119.0
2021-12-08,03-04,0.0,2021-12,2021,119.0
2021-12-09,00-02,0.0,2021-12,2021,119.0
2021-12-09,03-04,0.0,2021-12,2021,119.0
2021-12-10,00-02,0.0,2021-12,2021,119.0
2021-12-10,03-04,0.0,2021-12,2021,119.0
2021-12-11,00-02,0.0,2021-12,2021,119.0
2021-12-11,03-04,0.0,2021-12,2021,119.0
2021-12-12,00-02,0.0,2021-12,2021,119.0
2021-12-12,03-04,0.0,2021-12,2021,119.0
2021-12-13,03-04,0.0,2021-12,2021,119.0
2021-12-13,00-02,0.0,2021-12,2021,119.0
2021-12-14,00-02,0.0,2021-12,2021,119.0
2021-12-14,03-04,0.0,2021-12,2021,119.0
2021-12-15,00-02,0.0,2021-12,2021,119.0
2021-12-15,03-04,0.0,2021-12,2021,119.0
2021-12-16,00-02,0.0,2021-12,2021,119.0
2021-12-16,03-04,0.0,2021-12,2021,119.0
2021-12-17,00-02,0.0,2021-12,2021,119.0
2021-12-17,03-04,0.0,2021-12,2021,119.0
2021-12-18,00-02,0.0,2021-12,2021,119.0
2021-12-18,03-04,0.0,2021-12,2021,119.0
2021-12-19,00-02,0.0,2021-12,2021,119.0
2021-12-19,03-04,0.0,2021-12,2021,119.0
2021-12-20,03-04,0.0,2021-12,2021,119.0
2021-12-20,00-02,0.0,2021-12,2021,119.0
2021-12-21,00-02,0.0,2021-12,2021,119.0
2021-12-21,03-04,0.0,2021-12,2021,119.0
2021-12-22,00-02,0.0,2021-12,2021,119.0
2021-12-22,03-04,0.0,2021-12,2021,119.0
2021-12-23,00-02,0.0,2021-12,2021,119.0
2021-12-23,03-04,0.0,2021-12,2021,119.0
2021-12-24,00-02,0.0,2021-12,2021,119.0
2021-12-24,03-04,0.0,2021-12,2021,119.0
2021-12-25,00-02,0.0,2021-12,2021,119.0
2021-12-25,03-04,0.0,2021-12,2021,119.0
2021-12-26,00-02,0.0,2021-12,2021,119.0
2021-12-26,03-04,0.0,2021-12,2021,119.0
2021-12-27,00-02,0.0,2021-12,2021,119.0
2021-12-27,03-04,0.0,2021-12,2021,119.0
2021-12-28,03-04,0.0,2021-12,2021,119.0
2021-12-28,00-02,0.0,2021-12,2021,119.0
2021-12-29,00-02,0.0,2021-12,2021,119.0
2021-12-29,03-04,0.0,2021-12,2021,119.0
2021-12-30,00-02,0.0,2021-12,2021,119.0
2021-12-30,03-04,0.0,2021-12,2021,119.0
2021-12-31,00-02,0.0,2021-12,2021,119.0
2021-12-31,03-04,0.0,2021-12,2021,119.0
2022-01-01,00-02,0.0,2022-01,2022,119.0
2022-01-01,03-04,0.0,2022-01,2022,119.0
2022-01-02,00-02,0.0,2022-01,2022,119.0
2022-01-02,03-04,0.0,2022-01,2022,119.0
2022-01-03,00-02,0.0,2022-01,2022,119.0
2022-01-03,03-04,0.0,2022-01,2022,119.0
2022-01-04,03-04,0.0,2022-01,2022,119.0
2022-01-04,00-02,1.0,2022-01,2022,120.0
2022-01-05,00-02,0.0,2022-01,2022,120.0
2022-01-05,03-04,0.0,2022-01,2022,120.0
2022-01-06,00-02,0.0,2022-01,2022,120.0
2022-01-06,03-04,0.0,2022-01,2022,120.0
2022-01-07,00-02,0.0,2022-01,2022,120.0
2022-01-07,03-04,0.0,2022-01,2022,120.0
2022-01-08,00-02,0.0,2022-01,2022,120.0
2022-01-08,03-04,0.0,2022-01,2022,120.0
2022-01-09,00-02,0.0,2022-01,2022,120.0
2022-01-09,03-04,0.0,2022-01,2022,120.0
2022-01-10,00-02,0.0,2022-01,2022,120.0
2022-01-10,03-04,0.0,2022-01,2022,120.0
2022-01-11,03-04,0.0,2022-01,2022,120.0
2022-01-11,00-02,0.0,2022-01,2022,120.0
2022-01-12,00-02,1.0,2022-01,2022,121.0
2022-01-12,03-04,0.0,2022-01,2022,121.0
2022-01-13,00-02,1.0,2022-01,2022,122.0
2022-01-13,03-04,0.0,2022-01,2022,122.0
2022-01-14,00-02,0.0,2022-01,2022,122.0
2022-01-14,03-04,0.0,2022-01,2022,122.0
2022-01-15,00-02,0.0,2022-01,2022,122.0
2022-01-15,03-04,1.0,2022-01,2022,123.0
2022-01-16,00-02,0.0,2022-01,2022,123.0
2022-01-16,03-04,0.0,2022-01,2022,123.0
2022-01-17,00-02,0.0,2022-01,2022,123.0
2022-01-17,03-04,0.0,2022-01,2022,123.0
2022-01-18,03-04,0.0,2022-01,2022,123.0
2022-01-18,00-02,1.0,2022-01,2022,124.0
2022-01-19,00-02,1.0,2022-01,2022,125.0
2022-01-19,03-04,0.0,2022-01,2022,125.0
2022-01-20,00-02,4.0,2022-01,2022,129.0
2022-01-20,03-04,0.0,2022-01,2022,129.0
2022-01-21,00-02,2.0,2022-01,2022,131.0
2022-01-21,03-04,0.0,2022-01,2022,131.0
2022-01-22,00-02,1.0,2022-01,2022,132.0
2022-01-22,03-04,0.0,2022-01,2022,132.0
2022-01-23,00-02,0.0,2022-01,2022,132.0
2022-01-23,03-04,0.0,2022-01,2022,132.0
2022-01-24,00-02,1.0,2022-01,2022,133.0
2022-01-24,03-04,0.0,2022-01,2022,133.0
2022-01-25,03-04,0.0,2022-01,2022,133.0
2022-01-25,00-02,1.0,2022-01,2022,134.0
2022-01-26,03-04,0.0,2022-01,2022,134.0
2022-01-26,00-02,0.0,2022-01,2022,134.0
2022-01-27,00-02,2.0,2022-01,2022,136.0
2022-01-27,03-04,0.0,2022-01,2022,136.0
2022-01-28,00-02,0.0,2022-01,2022,136.0
2022-01-28,03-04,0.0,2022-01,2022,136.0
2022-01-29,00-02,2.0,2022-01,2022,138.0
2022-01-29,03-04,0.0,2022-01,2022,138.0
2022-01-30,00-02,1.0,2022-01,2022,139.0
2022-01-30,03-04,0.0,2022-01,2022,139.0
2022-01-31,00-02,0.0,2022-01,2022,139.0
2022-01-31,03-04,0.0,2022-01,2022,139.0
2022-02-01,00-02,0.0,2022-02,2022,139.0
2022-02-01,03-04,0.0,2022-02,2022,139.0
2022-02-02,00-02,1.0,2022-02,2022,140.0
2022-02-02,03-04,0.0,2022-02,2022,140.0
2022-02-03,03-04,0.0,2022-02,2022,140.0
2022-02-03,00-02,0.0,2022-02,2022,140.0
2022-02-04,00-02,1.0,2022-02,2022,141.0
2022-02-04,03-04,0.0,2022-02,2022,141.0
2022-02-05,00-02,0.0,2022-02,2022,141.0
2022-02-05,03-04,0.0,2022-02,2022,141.0
2022-02-06,00-02,1.0,2022-02,2022,142.0
2022-02-06,03-04,0.0,2022-02,2022,142.0
2022-02-07,00-02,0.0,2022-02,2022,142.0
2022-02-07,03-04,0.0,2022-02,2022,142.0
2022-02-08,00-02,1.0,2022-02,2022,143.0
2022-02-08,03-04,0.0,2022-02,2022,143.0
2022-02-09,00-02,0.0,2022-02,2022,143.0
2022-02-09,03-04,0.0,2022-02,2022,143.0
2022-02-10,03-04,0.0,2022-02,2022,143.0
2022-02-10,00-02,1.0,2022-02,2022,144.0
2022-02-11,00-02,1.0,2022-02,2022,145.0
2022-02-11,03-04,0.0,2022-02,2022,145.0
2022-02-12,00-02,1.0,2022-02,2022,146.0
2022-02-12,03-04,0.0,2022-02,2022,146.0
2022-02-13,00-02,0.0,2022-02,2022,146.0
2022-02-13,03-04,0.0,2022-02,2022,146.0
2022-02-14,00-02,0.0,2022-02,2022,146.0
2022-02-14,03-04,0.0,2022-02,2022,146.0
2022-02-15,00-02,0.0,2022-02,2022,146.0
2022-02-15,03-04,0.0,2022-02,2022,146.0
2022-02-16,00-02,0.0,2022-02,2022,146.0
2022-02-16,03-04,0.0,2022-02,2022,146.0
2022-02-17,03-04,0.0,2022-02,2022,146.0
2022-02-17,00-02,0.0,2022-02,2022,146.0
2022-02-18,00-02,0.0,2022-02,2022,146.0
2022-02-18,03-04,0.0,2022-02,2022,146.0
2022-02-19,00-02,0.0,2022-02,2022,146.0
2022-02-19,03-04,0.0,2022-02,2022,146.0
2022-02-20,00-02,0.0,2022-02,2022,146.0
2022-02-20,03-04,0.0,2022-02,2022,146.0
2022-02-21,00-02,0.0,2022-02,2022,146.0
2022-02-21,03-04,0.0,2022-02,2022,146.0
2022-02-22,00-02,0.0,2022-02,2022,146.0
2022-02-22,03-04,0.0,2022-02,2022,146.0
2022-02-23,03-04,0.0,2022-02,2022,146.0
2022-02-23,00-02,0.0,2022-02,2022,146.0
2022-02-24,03-04,0.0,2022-02,2022,146.0
2022-02-24,00-02,0.0,2022-02,2022,146.0
2022-02-25,00-02,0.0,2022-02,2022,146.0
2022-02-25,03-04,0.0,2022-02,2022,146.0
2022-02-26,00-02,0.0,2022-02,2022,146.0
2022-02-26,03-04,0.0,2022-02,2022,146.0
2022-02-27,00-02,0.0,2022-02,2022,146.0
2022-02-27,03-04,0.0,2022-02,2022,146.0
2022-02-28,00-02,0.0,2022-02,2022,146.0
2022-02-28,03-04,0.0,2022-02,2022,146.0
2022-03-01,00-02,0.0,2022-03,2022,146.0
2022-03-01,03-04,0.0,2022-03,2022,146.0
2022-03-02,00-02,1.0,2022-03,2022,147.0
2022-03-02,03-04,0.0,2022-03,2022,147.0
2022-03-03,03-04,1.0,2022-03,2022,148.0
2022-03-03,00-02,0.0,2022-03,2022,148.0
2022-03-04,00-02,0.0,2022-03,2022,148.0
2022-03-04,03-04,0.0,2022-03,2022,148.0
2022-03-05,00-02,0.0,2022-03,2022,148.0
2022-03-05,03-04,0.0,2022-03,2022,148.0
2022-03-06,00-02,0.0,2022-03,2022,148.0
2022-03-06,03-04,0.0,2022-03,2022,148.0
2022-03-07,00-02,0.0,2022-03,2022,148.0
2022-03-07,03-04,0.0,2022-03,2022,148.0
2022-03-08,00-02,0.0,2022-03,2022,148.0
2022-03-08,03-04,0.0,2022-03,2022,148.0
2022-03-09,00-02,0.0,2022-03,2022,148.0
2022-03-09,03-04,0.0,2022-03,2022,148.0
2022-03-10,03-04,0.0,2022-03,2022,148.0
2022-03-10,00-02,0.0,2022-03,2022,148.0
2022-03-11,00-02,0.0,2022-03,2022,148.0
2022-03-11,03-04,0.0,2022-03,2022,148.0
2022-03-12,00-02,0.0,2022-03,2022,148.0
2022-03-12,03-04,0.0,2022-03,2022,148.0
2022-03-13,00-02,0.0,2022-03,2022,148.0
2022-03-13,03-04,0.0,2022-03,2022,148.0
2022-03-14,00-02,0.0,2022-03,2022,148.0
2022-03-14,03-04,0.0,2022-03,2022,148.0
2022-03-15,00-02,0.0,2022-03,2022,148.0
2022-03-15,03-04,0.0,2022-03,2022,148.0
2022-03-16,00-02,0.0,2022-03,2022,148.0
2022-03-16,03-04,0.0,2022-03,2022,148.0
2022-03-17,03-04,0.0,2022-03,2022,148.0
2022-03-17,00-02,0.0,2022-03,2022,148.0
2022-03-18,00-02,0.0,2022-03,2022,148.0
2022-03-18,03-04,0.0,2022-03,2022,148.0
2022-03-19,00-02,0.0,2022-03,2022,148.0
2022-03-19,03-04,0.0,2022-03,2022,148.0
2022-03-20,00-02,0.0,2022-03,2022,148.0
2022-03-20,03-04,0.0,2022-03,2022,148.0
2022-03-21,00-02,0.0,2022-03,2022,148.0
2022-03-21,03-04,0.0,2022-03,2022,148.0
2022-03-22,00-02,0.0,2022-03,2022,148.0
2022-03-22,03-04,0.0,2022-03,2022,148.0
2022-03-23,00-02,0.0,2022-03,2022,148.0
2022-03-23,03-04,0.0,2022-03,2022,148.0
2022-03-24,00-02,0.0,2022-03,2022,148.0
2022-03-24,03-04,0.0,2022-03,2022,148.0
2022-03-25,03-04,0.0,2022-03,2022,148.0
2022-03-25,00-02,0.0,2022-03,2022,148.0
2022-03-26,00-02,0.0,2022-03,2022,148.0
2022-03-26,03-04,0.0,2022-03,2022,148.0
2022-03-27,00-02,0.0,2022-03,2022,148.0
2022-03-27,03-04,0.0,2022-03,2022,148.0
2022-03-28,00-02,0.0,2022-03,2022,148.0
2022-03-28,03-04,0.0,2022-03,2022,148.0
2022-03-29,00-02,0.0,2022-03,2022,148.0
2022-03-29,03-04,0.0,2022-03,2022,148.0
2022-03-30,00-02,0.0,2022-03,2022,148.0
2022-03-30,03-04,0.0,2022-03,2022,148.0
2022-03-31,00-02,0.0,2022-03,2022,148.0
2022-03-31,03-04,0.0,2022-03,2022,148.0
2022-04-01,03-04,0.0,2022-04,2022,148.0
2022-04-01,00-02,0.0,2022-04,2022,148.0
2022-04-02,00-02,1.0,2022-04,2022,149.0
2022-04-02,03-04,0.0,2022-04,2022,149.0
2022-04-03,00-02,0.0,2022-04,2022,149.0
2022-04-03,03-04,0.0,2022-04,2022,149.0
2022-04-04,00-02,0.0,2022-04,2022,149.0
2022-04-04,03-04,0.0,2022-04,2022,149.0
2022-04-05,00-02,0.0,2022-04,2022,149.0
2022-04-05,03-04,0.0,2022-04,2022,149.0
2022-04-06,00-02,0.0,2022-04,2022,149.0
2022-04-06,03-04,0.0,2022-04,2022,149.0
2022-04-07,00-02,0.0,2022-04,2022,149.0
2022-04-07,03-04,0.0,2022-04,2022,149.0
2022-04-08,03-04,0.0,2022-04,2022,149.0
2022-04-08,00-02,0.0,2022-04,2022,149.0
2022-04-09,00-02,0.0,2022-04,2022,149.0
2022-04-09,03-04,0.0,2022-04,2022,149.0
2022-04-10,00-02,0.0,2022-04,2022,149.0
2022-04-10,03-04,0.0,2022-04,2022,149.0
2022-04-11,00-02,0.0,2022-04,2022,149.0
2022-04-11,03-04,0.0,2022-04,2022,149.0
2022-04-12,00-02,0.0,2022-04,2022,149.0
2022-04-12,03-04,0.0,2022-04,2022,149.0
2022-04-13,00-02,0.0,2022-04,2022,149.0
2022-04-13,03-04,0.0,2022-04,2022,149.0
2022-04-14,00-02,0.0,2022-04,2022,149.0
2022-04-14,03-04,0.0,2022-04,2022,149.0
2022-04-15,03-04,0.0,2022-04,2022,149.0
2022-04-15,00-02,0.0,2022-04,2022,149.0
2022-04-16,00-02,0.0,2022-04,2022,149.0
2022-04-16,03-04,0.0,2022-04,2022,149.0
2022-04-17,00-02,0.0,2022-04,2022,149.0
2022-04-17,03-04,0.0,2022-04,2022,149.0
2022-04-18,00-02,0.0,2022-04,2022,149.0
2022-04-18,03-04,0.0,2022-04,2022,149.0
2022-04-19,00-02,0.0,2022-04,2022,149.0
2022-04-19,03-04,0.0,2022-04,2022,149.0
2022-04-20,00-02,0.0,2022-04,2022,149.0
2022-04-20,03-04,0.0,2022-04,2022,149.0
2022-04-21,00-02,0.0,2022-04,2022,149.0
2022-04-21,03-04,0.0,2022-04,2022,149.0
2022-04-22,03-04,0.0,2022-04,2022,149.0
2022-04-22,00-02,0.0,2022-04,2022,149.0
2022-04-23,03-04,0.0,2022-04,2022,149.0
2022-04-23,00-02,0.0,2022-04,2022,149.0
2022-04-24,00-02,0.0,2022-04,2022,149.0
2022-04-24,03-04,0.0,2022-04,2022,149.0
2022-04-25,00-02,0.0,2022-04,2022,149.0
2022-04-25,03-04,0.0,2022-04,2022,149.0
2022-04-26,00-02,0.0,2022-04,2022,149.0
2022-04-26,03-04,0.0,2022-04,2022,149.0
2022-04-27,00-02,0.0,2022-04,2022,149.0
2022-04-27,03-04,0.0,2022-04,2022,149.0
2022-04-28,00-02,0.0,2022-04,2022,149.0
2022-04-28,03-04,0.0,2022-04,2022,149.0
2022-04-29,00-02,1.0,2022-04,2022,150.0
2022-04-29,03-04,0.0,2022-04,2022,150.0
2022-04-30,00-02,0.0,2022-04,2022,150.0
2022-04-30,03-04,0.0,2022-04,2022,150.0
2022-05-01,03-04,0.0,2022-05,2022,150.0
2022-05-01,00-02,0.0,2022-05,2022,150.0
2022-05-02,00-02,0.0,2022-05,2022,150.0
2022-05-02,03-04,0.0,2022-05,2022,150.0
2022-05-03,00-02,1.0,2022-05,2022,151.0
2022-05-03,03-04,0.0,2022-05,2022,151.0
2022-05-04,00-02,0.0,2022-05,2022,151.0
2022-05-04,03-04,0.0,2022-05,2022,151.0
2022-05-05,00-02,0.0,2022-05,2022,151.0
2022-05-05,03-04,0.0,2022-05,2022,151.0
2022-05-06,00-02,0.0,2022-05,2022,151.0
2022-05-06,03-04,0.0,2022-05,2022,151.0
2022-05-07,00-02,0.0,2022-05,2022,151.0
2022-05-07,03-04,0.0,2022-05,2022,151.0
2022-05-08,03-04,0.0,2022-05,2022,151.0
2022-05-08,00-02,0.0,2022-05,2022,151.0
2022-05-09,00-02,0.0,2022-05,2022,151.0
2022-05-09,03-04,0.0,2022-05,2022,151.0
2022-05-10,00-02,0.0,2022-05,2022,151.0
2022-05-10,03-04,0.0,2022-05,2022,151.0
2022-05-11,00-02,0.0,2022-05,2022,151.0
2022-05-11,03-04,0.0,2022-05,2022,151.0
2022-05-12,00-02,0.0,2022-05,2022,151.0
2022-05-12,03-04,0.0,2022-05,2022,151.0
2022-05-13,00-02,0.0,2022-05,2022,151.0
2022-05-13,03-04,0.0,2022-05,2022,151.0
2022-05-14,00-02,0.0,2022-05,2022,151.0
2022-05-14,03-04,0.0,2022-05,2022,151.0
2022-05-15,03-04,0.0,2022-05,2022,151.0
2022-05-15,00-02,0.0,2022-05,2022,151.0
2022-05-16,00-02,0.0,2022-05,2022,151.0
2022-05-16,03-04,0.0,2022-05,2022,151.0
2022-05-17,00-02,0.0,2022-05,2022,151.0
2022-05-17,03-04,0.0,2022-05,2022,151.0
2022-05-18,00-02,0.0,2022-05,2022,151.0
2022-05-18,03-04,0.0,2022-05,2022,151.0
2022-05-19,00-02,0.0,2022-05,2022,151.0
2022-05-19,03-04,0.0,2022-05,2022,151.0
2022-05-20,00-02,0.0,2022-05,2022,151.0
2022-05-20,03-04,0.0,2022-05,2022,151.0
2022-05-21,03-04,0.0,2022-05,2022,151.0
2022-05-21,00-02,0.0,2022-05,2022,151.0
2022-05-22,03-04,0.0,2022-05,2022,151.0
2022-05-22,00-02,0.0,2022-05,2022,151.0
2022-05-23,00-02,0.0,2022-05,2022,151.0
2022-05-23,03-04,0.0,2022-05,2022,151.0
2022-05-24,00-02,0.0,2022-05,2022,151.0
2022-05-24,03-04,0.0,2022-05,2022,151.0
2022-05-25,00-02,0.0,2022-05,2022,151.0
2022-05-25,03-04,0.0,2022-05,2022,151.0
2022-05-26,00-02,0.0,2022-05,2022,151.0
2022-05-26,03-04,0.0,2022-05,2022,151.0
2022-05-27,00-02,0.0,2022-05,2022,151.0
2022-05-27,03-04,0.0,2022-05,2022,151.0
2022-05-28,00-02,0.0,2022-05,2022,151.0
2022-05-28,03-04,0.0,2022-05,2022,151.0
2022-05-29,00-02,0.0,2022-05,2022,151.0
2022-05-29,03-04,0.0,2022-05,2022,151.0
2022-05-30,03-04,0.0,2022-05,2022,151.0
2022-05-30,00-02,0.0,2022-05,2022,151.0
2022-05-31,00-02,0.0,2022-05,2022,151.0
2022-05-31,03-04,0.0,2022-05,2022,151.0
2022-06-01,00-02,0.0,2022-06,2022,151.0
2022-06-01,03-04,0.0,2022-06,2022,151.0
2022-06-02,00-02,0.0,2022-06,2022,151.0
2022-06-02,03-04,0.0,2022-06,2022,151.0
2022-06-03,00-02,0.0,2022-06,2022,151.0
2022-06-03,03-04,0.0,2022-06,2022,151.0
2022-06-04,00-02,0.0,2022-06,2022,151.0
2022-06-04,03-04,0.0,2022-06,2022,151.0
2022-06-05,00-02,0.0,2022-06,2022,151.0
2022-06-05,03-04,0.0,2022-06,2022,151.0
2022-06-06,03-04,0.0,2022-06,2022,151.0
2022-06-06,00-02,0.0,2022-06,2022,151.0
2022-06-07,00-02,0.0,2022-06,2022,151.0
2022-06-07,03-04,0.0,2022-06,2022,151.0
2022-06-08,00-02,0.0,2022-06,2022,151.0
2022-06-08,03-04,0.0,2022-06,2022,151.0
2022-06-09,00-02,0.0,2022-06,2022,151.0
2022-06-09,03-04,0.0,2022-06,2022,151.0
2022-06-10,00-02,0.0,2022-06,2022,151.0
2022-06-10,03-04,0.0,2022-06,2022,151.0
2022-06-11,00-02,0.0,2022-06,2022,151.0
2022-06-11,03-04,0.0,2022-06,2022,151.0
2022-06-12,00-02,0.0,2022-06,2022,151.0
2022-06-12,03-04,0.0,2022-06,2022,151.0
2022-06-13,03-04,0.0,2022-06,2022,151.0
2022-06-13,00-02,0.0,2022-06,2022,151.0
2022-06-14,00-02,0.0,2022-06,2022,151.0
2022-06-14,03-04,0.0,2022-06,2022,151.0
2022-06-15,00-02,0.0,2022-06,2022,151.0
2022-06-15,03-04,0.0,2022-06,2022,151.0
2022-06-16,00-02,0.0,2022-06,2022,151.0
2022-06-16,03-04,0.0,2022-06,2022,151.0
2022-06-17,00-02,0.0,2022-06,2022,151.0
2022-06-17,03-04,0.0,2022-06,2022,151.0
2022-06-18,00-02,0.0,2022-06,2022,151.0
2022-06-18,03-04,0.0,2022-06,2022,151.0
2022-06-19,03-04,0.0,2022-06,2022,151.0
2022-06-19,00-02,0.0,2022-06,2022,151.0
2022-06-20,03-04,0.0,2022-06,2022,151.0
2022-06-20,00-02,0.0,2022-06,2022,151.0
2022-06-21,00-02,0.0,2022-06,2022,151.0
2022-06-21,03-04,0.0,2022-06,2022,151.0
2022-06-22,00-02,0.0,2022-06,2022,151.0
2022-06-22,03-04,0.0,2022-06,2022,151.0
2022-06-23,00-02,0.0,2022-06,2022,151.0
2022-06-23,03-04,0.0,2022-06,2022,151.0
2022-06-24,00-02,0.0,2022-06,2022,151.0
2022-06-24,03-04,0.0,2022-06,2022,151.0
2022-06-25,00-02,0.0,2022-06,2022,151.0
2022-06-25,03-04,0.0,2022-06,2022,151.0
2022-06-26,00-02,0.0,2022-06,2022,151.0
2022-06-26,03-04,0.0,2022-06,2022,151.0
2022-06-27,03-04,0.0,2022-06,2022,151.0
2022-06-27,00-02,0.0,2022-06,2022,151.0
2022-06-28,00-02,0.0,2022-06,2022,151.0
2022-06-28,03-04,0.0,2022-06,2022,151.0
2022-06-29,00-02,0.0,2022-06,2022,151.0
2022-06-29,03-04,0.0,2022-06,2022,151.0
2022-06-30,00-02,0.0,2022-06,2022,151.0
2022-06-30,03-04,0.0,2022-06,2022,151.0
2022-07-01,00-02,0.0,2022-07,2022,151.0
2022-07-01,03-04,0.0,2022-07,2022,151.0
2022-07-02,00-02,0.0,2022-07,2022,151.0
2022-07-02,03-04,0.0,2022-07,2022,151.0
2022-07-03,00-02,0.0,2022-07,2022,151.0
2022-07-03,03-04,0.0,2022-07,2022,151.0
2022-07-04,03-04,0.0,2022-07,2022,151.0
2022-07-04,00-02,0.0,2022-07,2022,151.0
2022-07-05,00-02,0.0,2022-07,2022,151.0
2022-07-05,03-04,0.0,2022-07,2022,151.0
2022-07-06,00-02,0.0,2022-07,2022,151.0
2022-07-06,03-04,0.0,2022-07,2022,151.0
2022-07-07,00-02,0.0,2022-07,2022,151.0
2022-07-07,03-04,0.0,2022-07,2022,151.0
2022-07-08,00-02,0.0,2022-07,2022,151.0
2022-07-08,03-04,0.0,2022-07,2022,151.0
2022-07-09,00-02,0.0,2022-07,2022,151.0
2022-07-09,03-04,0.0,2022-07,2022,151.0
2022-07-10,00-02,0.0,2022-07,2022,151.0
2022-07-10,03-04,0.0,2022-07,2022,151.0
2022-07-11,03-04,0.0,2022-07,2022,151.0
2022-07-11,00-02,0.0,2022-07,2022,151.0
2022-07-12,00-02,0.0,2022-07,2022,151.0
2022-07-12,03-04,0.0,2022-07,2022,151.0
2022-07-13,00-02,0.0,2022-07,2022,151.0
2022-07-13,03-04,0.0,2022-07,2022,151.0
2022-07-14,00-02,0.0,2022-07,2022,151.0
2022-07-14,03-04,0.0,2022-07,2022,151.0
2022-07-15,00-02,0.0,2022-07,2022,151.0
2022-07-15,03-04,0.0,2022-07,2022,151.0
2022-07-16,00-02,0.0,2022-07,2022,151.0
2022-07-16,03-04,0.0,2022-07,2022,151.0
2022-07-17,00-02,0.0,2022-07,2022,151.0
2022-07-17,03-04,0.0,2022-07,2022,151.0
2022-07-18,00-02,0.0,2022-07,2022,151.0
2022-07-18,03-04,0.0,2022-07,2022,151.0
2022-07-19,00-02,0.0,2022-07,2022,151.0
2022-07-19,03-04,0.0,2022-07,2022,151.0
